Wavelength (nm),% Transmission,Optical Density,
2600,36.09059,0.44261,
2599,36.07949,0.44274,
2598,36.04766,0.44312,
2597,36.02071,0.44345,
2596,35.98883,0.44383,
2595,35.95139,0.44428,
2594,35.89841,0.44492,
2593,35.83982,0.44563,
2592,35.77718,0.44639,
2591,35.70651,0.44725,
2590,35.6226,0.44827,
2589,35.53665,0.44932,
2588,35.45003,0.45038,
2587,35.34261,0.45170,
2586,35.24545,0.45290,
2585,35.15075,0.45407,
2584,35.05954,0.45519,
2583,34.9623,0.45640,
2582,34.87167,0.45753,
2581,34.80436,0.45837,
2580,34.75723,0.45895,
2579,34.72416,0.45937,
2578,34.70631,0.45959,
2577,34.71067,0.45954,
2576,34.71944,0.45943,
2575,34.74062,0.45916,
2574,34.76563,0.45885,
2573,34.78987,0.45855,
2572,34.81014,0.45829,
2571,34.82989,0.45805,
2570,34.85863,0.45769,
2569,34.86798,0.45757,
2568,34.87691,0.45746,
2567,34.87741,0.45746,
2566,34.87712,0.45746,
2565,34.87202,0.45752,
2564,34.86477,0.45761,
2563,34.86023,0.45767,
2562,34.8489,0.45781,
2561,34.85179,0.45777,
2560,34.86205,0.45765,
2559,34.87361,0.45750,
2558,34.89208,0.45727,
2557,34.92908,0.45681,
2556,34.96154,0.45641,
2555,35.01533,0.45574,
2554,35.08691,0.45485,
2553,35.16984,0.45383,
2552,35.27914,0.45248,
2551,35.39766,0.45103,
2550,35.52718,0.44944,
2549,35.64694,0.44798,
2548,35.78462,0.44630,
2547,35.90784,0.44481,
2546,36.02681,0.44337,
2545,36.13082,0.44212,
2544,36.24126,0.44080,
2543,36.33289,0.43970,
2542,36.40888,0.43879,
2541,36.47656,0.43799,
2540,36.53433,0.43730,
2539,36.57293,0.43684,
2538,36.59799,0.43654,
2537,36.61506,0.43634,
2536,36.60744,0.43643,
2535,36.57888,0.43677,
2534,36.53365,0.43731,
2533,36.4652,0.43812,
2532,36.3894,0.43903,
2531,36.29964,0.44010,
2530,36.2106,0.44116,
2529,36.11168,0.44235,
2528,36.01419,0.44353,
2527,35.90932,0.44479,
2526,35.8056,0.44605,
2525,35.697,0.44737,
2524,35.58823,0.44869,
2523,35.48451,0.44996,
2522,35.37999,0.45124,
2521,35.27631,0.45252,
2520,35.18623,0.45363,
2519,35.10543,0.45463,
2518,35.03805,0.45546,
2517,34.97975,0.45618,
2516,34.93814,0.45670,
2515,34.91781,0.45695,
2514,34.9134,0.45701,
2513,34.93145,0.45678,
2512,34.96545,0.45636,
2511,35.03492,0.45550,
2510,35.10725,0.45460,
2509,35.20962,0.45334,
2508,35.31023,0.45210,
2507,35.4435,0.45046,
2506,35.55888,0.44905,
2505,35.70726,0.44724,
2504,35.84883,0.44553,
2503,36.00528,0.44363,
2502,36.15804,0.44180,
2501,36.31292,0.43994,
2500,36.443,0.43839,
2499,36.57834,0.43678,
2498,36.70256,0.43530,
2497,36.81689,0.43395,
2496,36.94081,0.43249,
2495,37.04285,0.43130,
2494,37.13954,0.43016,
2493,37.21836,0.42924,
2492,37.31206,0.42815,
2491,37.38126,0.42735,
2490,37.481,0.42619,
2489,37.56364,0.42523,
2488,37.66815,0.42403,
2487,37.74384,0.42315,
2486,37.83654,0.42209,
2485,37.89506,0.42142,
2484,37.96383,0.42063,
2483,37.99136,0.42032,
2482,38.01027,0.42010,
2481,37.97122,0.42055,
2480,37.90026,0.42136,
2479,37.76757,0.42288,
2478,37.60592,0.42474,
2477,37.39346,0.42720,
2476,37.15211,0.43002,
2475,36.88642,0.43313,
2474,36.59631,0.43656,
2473,36.2763,0.44038,
2472,35.91642,0.44471,
2471,35.55227,0.44913,
2470,35.14591,0.45413,
2469,34.74187,0.45915,
2468,34.33434,0.46427,
2467,33.9322,0.46939,
2466,33.52793,0.47459,
2465,33.16669,0.47930,
2464,32.84554,0.48352,
2463,32.61036,0.48664,
2462,32.45441,0.48873,
2461,32.41728,0.48922,
2460,32.45928,0.48866,
2459,32.60553,0.48671,
2458,32.81275,0.48396,
2457,33.11141,0.48002,
2456,33.43489,0.47580,
2455,33.79495,0.47115,
2454,34.14995,0.46661,
2453,34.53757,0.46171,
2452,34.90821,0.45707,
2451,35.31581,0.45203,
2450,35.73523,0.44690,
2449,36.17094,0.44164,
2448,36.60148,0.43650,
2447,37.06476,0.43104,
2446,37.52771,0.42565,
2445,37.98262,0.42042,
2444,38.45265,0.41507,
2443,38.91804,0.40985,
2442,39.32368,0.40535,
2441,39.74023,0.40077,
2440,40.08743,0.39699,
2439,40.40525,0.39356,
2438,40.68298,0.39059,
2437,40.92933,0.38797,
2436,41.14109,0.38572,
2435,41.32942,0.38374,
2434,41.48516,0.38211,
2433,41.61304,0.38077,
2432,41.71012,0.37976,
2431,41.79747,0.37885,
2430,41.86763,0.37812,
2429,41.9194,0.37758,
2428,41.97009,0.37706,
2427,42.00569,0.37669,
2426,42.0165,0.37658,
2425,42.02081,0.37654,
2424,42.01215,0.37663,
2423,41.98766,0.37688,
2422,41.97173,0.37704,
2421,41.94283,0.37734,
2420,41.90354,0.37775,
2419,41.86734,0.37812,
2418,41.8155,0.37866,
2417,41.76184,0.37922,
2416,41.71119,0.37975,
2415,41.63801,0.38051,
2414,41.55669,0.38136,
2413,41.45347,0.38244,
2412,41.32048,0.38383,
2411,41.18453,0.38527,
2410,41.03025,0.38690,
2409,40.87712,0.38852,
2408,40.72567,0.39013,
2407,40.5613,0.39189,
2406,40.42247,0.39338,
2405,40.29461,0.39475,
2404,40.21038,0.39566,
2403,40.17191,0.39608,
2402,40.16256,0.39618,
2401,40.19114,0.39587,
2400,40.24464,0.39529,
2399,40.31521,0.39453,
2398,40.41182,0.39349,
2397,40.51579,0.39238,
2396,40.62707,0.39118,
2395,40.74179,0.38996,
2394,40.83638,0.38895,
2393,40.92686,0.38799,
2392,41.00978,0.38711,
2391,41.09145,0.38625,
2390,41.17977,0.38532,
2389,41.27368,0.38433,
2388,41.37125,0.38330,
2387,41.46967,0.38227,
2386,41.56765,0.38124,
2385,41.67074,0.38017,
2384,41.77997,0.37903,
2383,41.88006,0.37799,
2382,41.98555,0.37690,
2381,42.06514,0.37608,
2380,42.13978,0.37531,
2379,42.17916,0.37490,
2378,42.21631,0.37452,
2377,42.23941,0.37428,
2376,42.2598,0.37407,
2375,42.25613,0.37411,
2374,42.26698,0.37400,
2373,42.26041,0.37407,
2372,42.27312,0.37394,
2371,42.29249,0.37374,
2370,42.32509,0.37340,
2369,42.35522,0.37309,
2368,42.38665,0.37277,
2367,42.42335,0.37240,
2366,42.46317,0.37199,
2365,42.51536,0.37145,
2364,42.5855,0.37074,
2363,42.67594,0.36982,
2362,42.75922,0.36897,
2361,42.86528,0.36789,
2360,42.95512,0.36699,
2359,43.05421,0.36598,
2358,43.11834,0.36534,
2357,43.17861,0.36473,
2356,43.19389,0.36458,
2355,43.18476,0.36467,
2354,43.14833,0.36504,
2353,43.11482,0.36537,
2352,43.08296,0.36569,
2351,43.06501,0.36588,
2350,43.0608,0.36592,
2349,43.06061,0.36592,
2348,43.08343,0.36569,
2347,43.10767,0.36545,
2346,43.16172,0.36490,
2345,43.19901,0.36453,
2344,43.25392,0.36397,
2343,43.27375,0.36378,
2342,43.30029,0.36351,
2341,43.30243,0.36349,
2340,43.2981,0.36353,
2339,43.26936,0.36382,
2338,43.23281,0.36419,
2337,43.16397,0.36488,
2336,43.0556,0.36597,
2335,42.93676,0.36717,
2334,42.78722,0.36869,
2333,42.62985,0.37029,
2332,42.46414,0.37198,
2331,42.28357,0.37383,
2330,42.09119,0.37581,
2329,41.90097,0.37778,
2328,41.70551,0.37981,
2327,41.50209,0.38193,
2326,41.30435,0.38400,
2325,41.06921,0.38648,
2324,40.82198,0.38911,
2323,40.52983,0.39223,
2322,40.21607,0.39560,
2321,39.86855,0.39937,
2320,39.51901,0.40319,
2319,39.18752,0.40685,
2318,38.88531,0.41021,
2317,38.64926,0.41286,
2316,38.49177,0.41463,
2315,38.41663,0.41548,
2314,38.42395,0.41540,
2313,38.49347,0.41461,
2312,38.61493,0.41324,
2311,38.75963,0.41162,
2310,38.92067,0.40982,
2309,39.08571,0.40798,
2308,39.22335,0.40646,
2307,39.33047,0.40527,
2306,39.39885,0.40452,
2305,39.43666,0.40410,
2304,39.46608,0.40378,
2303,39.47369,0.40369,
2302,39.50252,0.40338,
2301,39.52834,0.40309,
2300,39.57533,0.40258,
2299,39.64346,0.40183,
2298,39.73039,0.40088,
2297,39.84159,0.39966,
2296,39.96606,0.39831,
2295,40.10715,0.39678,
2294,40.23882,0.39535,
2293,40.38123,0.39382,
2292,40.52748,0.39225,
2291,40.67583,0.39066,
2290,40.82948,0.38903,
2289,40.99686,0.38725,
2288,41.15941,0.38553,
2287,41.33248,0.38371,
2286,41.51168,0.38183,
2285,41.70087,0.37985,
2284,41.87535,0.37804,
2283,42.05929,0.37614,
2282,42.21531,0.37453,
2281,42.3447,0.37320,
2280,42.44923,0.37213,
2279,42.53011,0.37130,
2278,42.58512,0.37074,
2277,42.63665,0.37022,
2276,42.69261,0.36965,
2275,42.76426,0.36892,
2274,42.87719,0.36777,
2273,43.03535,0.36617,
2272,43.25624,0.36395,
2271,43.53365,0.36117,
2270,43.8872,0.35766,
2269,44.28909,0.35370,
2268,44.71822,0.34952,
2267,45.17684,0.34508,
2266,45.63819,0.34067,
2265,46.10573,0.33625,
2264,46.58276,0.33177,
2263,47.05811,0.32737,
2262,47.50521,0.32326,
2261,47.93423,0.31935,
2260,48.34827,0.31562,
2259,48.74798,0.31204,
2258,49.13118,0.30864,
2257,49.51925,0.30523,
2256,49.89162,0.30197,
2255,50.23739,0.29897,
2254,50.5825,0.29600,
2253,50.91326,0.29317,
2252,51.21894,0.29057,
2251,51.52417,0.28799,
2250,51.81019,0.28558,
2249,52.06298,0.28347,
2248,52.30281,0.28148,
2247,52.52263,0.27965,
2246,52.72257,0.27800,
2245,52.89849,0.27656,
2244,53.06276,0.27521,
2243,53.19875,0.27410,
2242,53.31528,0.27315,
2241,53.42243,0.27228,
2240,53.50224,0.27163,
2239,53.57739,0.27102,
2238,53.6401,0.27051,
2237,53.69753,0.27005,
2236,53.74248,0.26968,
2235,53.79795,0.26923,
2234,53.85581,0.26877,
2233,53.92439,0.26821,
2232,54.01099,0.26752,
2231,54.11469,0.26668,
2230,54.23404,0.26573,
2229,54.36338,0.26469,
2228,54.51124,0.26351,
2227,54.65847,0.26234,
2226,54.80179,0.26121,
2225,54.93028,0.26019,
2224,55.0444,0.25929,
2223,55.12831,0.25863,
2222,55.17633,0.25825,
2221,55.19395,0.25811,
2220,55.16608,0.25833,
2219,55.09288,0.25890,
2218,54.97008,0.25987,
2217,54.81479,0.26110,
2216,54.62445,0.26261,
2215,54.40134,0.26439,
2214,54.16398,0.26629,
2213,53.927,0.26819,
2212,53.69973,0.27003,
2211,53.49991,0.27165,
2210,53.35052,0.27286,
2209,53.24831,0.27369,
2208,53.19601,0.27412,
2207,53.21479,0.27397,
2206,53.28772,0.27337,
2205,53.40981,0.27238,
2204,53.58493,0.27096,
2203,53.78569,0.26933,
2202,54.00961,0.26753,
2201,54.25002,0.26560,
2200,54.48277,0.26374,
2199,54.72478,0.26182,
2198,54.93664,0.26014,
2197,55.11886,0.25870,
2196,55.27827,0.25745,
2195,55.42056,0.25633,
2194,55.52477,0.25551,
2193,55.61937,0.25477,
2192,55.69999,0.25414,
2191,55.77372,0.25357,
2190,55.85863,0.25291,
2189,55.94893,0.25221,
2188,56.06249,0.25133,
2187,56.19006,0.25034,
2186,56.33072,0.24925,
2185,56.49321,0.24800,
2184,56.64067,0.24687,
2183,56.7896,0.24573,
2182,56.9239,0.24471,
2181,57.03093,0.24389,
2180,57.12473,0.24318,
2179,57.18988,0.24268,
2178,57.22079,0.24245,
2177,57.21412,0.24250,
2176,57.15836,0.24292,
2175,57.0647,0.24363,
2174,56.9127,0.24479,
2173,56.69233,0.24648,
2172,56.41312,0.24862,
2171,56.0698,0.25127,
2170,55.67207,0.25436,
2169,55.22203,0.25789,
2168,54.78252,0.26136,
2167,54.33562,0.26492,
2166,53.94364,0.26806,
2165,53.65673,0.27038,
2164,53.46093,0.27196,
2163,53.39004,0.27254,
2162,53.42904,0.27222,
2161,53.59374,0.27089,
2160,53.83831,0.26891,
2159,54.14923,0.26641,
2158,54.49741,0.26362,
2157,54.86945,0.26067,
2156,55.235,0.25779,
2155,55.58619,0.25503,
2154,55.91206,0.25249,
2153,56.18512,0.25038,
2152,56.40633,0.24867,
2151,56.57938,0.24734,
2150,56.70107,0.24641,
2149,56.76679,0.24591,
2148,56.77942,0.24581,
2147,56.74472,0.24607,
2146,56.65331,0.24677,
2145,56.51942,0.24780,
2144,56.34701,0.24913,
2143,56.12955,0.25081,
2142,55.90249,0.25257,
2141,55.64122,0.25460,
2140,55.39117,0.25656,
2139,55.17163,0.25828,
2138,54.98548,0.25975,
2137,54.86448,0.26071,
2136,54.81135,0.26113,
2135,54.87192,0.26065,
2134,55.0103,0.25956,
2133,55.23481,0.25779,
2132,55.51335,0.25560,
2131,55.84528,0.25301,
2130,56.17033,0.25049,
2129,56.48921,0.24803,
2128,56.7826,0.24578,
2127,57.01866,0.24398,
2126,57.20199,0.24259,
2125,57.34193,0.24153,
2124,57.44653,0.24074,
2123,57.52005,0.24018,
2122,57.57372,0.23978,
2121,57.61795,0.23944,
2120,57.64989,0.23920,
2119,57.69367,0.23887,
2118,57.72533,0.23863,
2117,57.75182,0.23843,
2116,57.78502,0.23818,
2115,57.80533,0.23803,
2114,57.82105,0.23791,
2113,57.82589,0.23788,
2112,57.82454,0.23789,
2111,57.82296,0.23790,
2110,57.81209,0.23798,
2109,57.80884,0.23801,
2108,57.79797,0.23809,
2107,57.78102,0.23821,
2106,57.76511,0.23833,
2105,57.74551,0.23848,
2104,57.71592,0.23870,
2103,57.68465,0.23894,
2102,57.65157,0.23919,
2101,57.61269,0.23948,
2100,57.56598,0.23983,
2099,57.52374,0.24015,
2098,57.47697,0.24051,
2097,57.43206,0.24085,
2096,57.38123,0.24123,
2095,57.33149,0.24161,
2094,57.28352,0.24197,
2093,57.23503,0.24234,
2092,57.18175,0.24274,
2091,57.13594,0.24309,
2090,57.08944,0.24344,
2089,57.04116,0.24381,
2088,56.99461,0.24417,
2087,56.95753,0.24445,
2086,56.91064,0.24481,
2085,56.87992,0.24504,
2084,56.83631,0.24537,
2083,56.79416,0.24570,
2082,56.76603,0.24591,
2081,56.73048,0.24618,
2080,56.7024,0.24640,
2079,56.67176,0.24663,
2078,56.64672,0.24683,
2077,56.61747,0.24705,
2076,56.58675,0.24729,
2075,56.559,0.24750,
2074,56.52631,0.24775,
2073,56.49769,0.24797,
2072,56.46125,0.24825,
2071,56.43245,0.24847,
2070,56.39322,0.24877,
2069,56.35223,0.24909,
2068,56.31616,0.24937,
2067,56.26131,0.24979,
2066,56.21596,0.25014,
2065,56.16355,0.25055,
2064,56.10336,0.25101,
2063,56.05127,0.25141,
2062,55.99379,0.25186,
2061,55.927,0.25238,
2060,55.86479,0.25286,
2059,55.79784,0.25338,
2058,55.7278,0.25393,
2057,55.65839,0.25447,
2056,55.59109,0.25499,
2055,55.51712,0.25557,
2054,55.45102,0.25609,
2053,55.37663,0.25667,
2052,55.31194,0.25718,
2051,55.24457,0.25771,
2050,55.17524,0.25826,
2049,55.12143,0.25868,
2048,55.05918,0.25917,
2047,54.99326,0.25969,
2046,54.93707,0.26013,
2045,54.87492,0.26063,
2044,54.81457,0.26110,
2043,54.76326,0.26151,
2042,54.70632,0.26196,
2041,54.64624,0.26244,
2040,54.58706,0.26291,
2039,54.53493,0.26333,
2038,54.4782,0.26378,
2037,54.42611,0.26419,
2036,54.36459,0.26468,
2035,54.29732,0.26522,
2034,54.23058,0.26576,
2033,54.16915,0.26625,
2032,54.09116,0.26687,
2031,54.00723,0.26755,
2030,53.91993,0.26825,
2029,53.83311,0.26895,
2028,53.73857,0.26971,
2027,53.63727,0.27053,
2026,53.54813,0.27126,
2025,53.44019,0.27213,
2024,53.33509,0.27299,
2023,53.23401,0.27381,
2022,53.13178,0.27465,
2021,53.0211,0.27555,
2020,52.91409,0.27643,
2019,52.80292,0.27734,
2018,52.69761,0.27821,
2017,52.59283,0.27907,
2016,52.48706,0.27995,
2015,52.38799,0.28077,
2014,52.28853,0.28159,
2013,52.18229,0.28248,
2012,52.08952,0.28325,
2011,51.99622,0.28403,
2010,51.89956,0.28484,
2009,51.81396,0.28555,
2008,51.72583,0.28629,
2007,51.64657,0.28696,
2006,51.5593,0.28769,
2005,51.46464,0.28849,
2004,51.39186,0.28911,
2003,51.29892,0.28989,
2002,51.21146,0.29063,
2001,51.11826,0.29142,
2000,51.02713,0.29220,
1999,50.92144,0.29310,
1998,50.8209,0.29396,
1997,50.71611,0.29485,
1996,50.60426,0.29581,
1995,50.49053,0.29679,
1994,50.36961,0.29783,
1993,50.2402,0.29895,
1992,50.11605,0.30002,
1991,49.98571,0.30115,
1990,49.85284,0.30231,
1989,49.71612,0.30350,
1988,49.57404,0.30475,
1987,49.4319,0.30599,
1986,49.27906,0.30734,
1985,49.14095,0.30856,
1984,48.99416,0.30986,
1983,48.84568,0.31117,
1982,48.70857,0.31239,
1981,48.57198,0.31361,
1980,48.43196,0.31487,
1979,48.29201,0.31612,
1978,48.15748,0.31734,
1977,48.0409,0.31839,
1976,47.91532,0.31953,
1975,47.79145,0.32065,
1974,47.67123,0.32174,
1973,47.55548,0.32280,
1972,47.45262,0.32374,
1971,47.33918,0.32478,
1970,47.23441,0.32574,
1969,47.13861,0.32662,
1968,47.0347,0.32758,
1967,46.9214,0.32863,
1966,46.81232,0.32964,
1965,46.7049,0.33064,
1964,46.60391,0.33158,
1963,46.48658,0.33267,
1962,46.37178,0.33375,
1961,46.24144,0.33497,
1960,46.11907,0.33612,
1959,46.00249,0.33722,
1958,45.86704,0.33850,
1957,45.72787,0.33982,
1956,45.59374,0.34109,
1955,45.4523,0.34244,
1954,45.30419,0.34386,
1953,45.1473,0.34537,
1952,45.00234,0.34676,
1951,44.85804,0.34816,
1950,44.71095,0.34959,
1949,44.55543,0.35110,
1948,44.4048,0.35257,
1947,44.2653,0.35394,
1946,44.12561,0.35531,
1945,43.98585,0.35669,
1944,43.84342,0.35810,
1943,43.72052,0.35931,
1942,43.5923,0.36059,
1941,43.46842,0.36183,
1940,43.34735,0.36304,
1939,43.22869,0.36423,
1938,43.12545,0.36527,
1937,43.02015,0.36633,
1936,42.9141,0.36740,
1935,42.81139,0.36844,
1934,42.71011,0.36947,
1933,42.62067,0.37038,
1932,42.52022,0.37140,
1931,42.41274,0.37250,
1930,42.30701,0.37359,
1929,42.19791,0.37471,
1928,42.08749,0.37585,
1927,41.97048,0.37706,
1926,41.85704,0.37823,
1925,41.74123,0.37943,
1924,41.63071,0.38059,
1923,41.50614,0.38189,
1922,41.38074,0.38320,
1921,41.24349,0.38464,
1920,41.09754,0.38618,
1919,40.95149,0.38773,
1918,40.82273,0.38910,
1917,40.69981,0.39041,
1916,40.56615,0.39184,
1915,40.41415,0.39347,
1914,40.28929,0.39481,
1913,40.14316,0.39639,
1912,40.01941,0.39773,
1911,39.88215,0.39922,
1910,39.75524,0.40061,
1909,39.64482,0.40181,
1908,39.55072,0.40285,
1907,39.45361,0.40391,
1906,39.3423,0.40514,
1905,39.23146,0.40637,
1904,39.1276,0.40752,
1903,39.03354,0.40856,
1902,38.95111,0.40948,
1901,38.86263,0.41047,
1900,38.77299,0.41147,
1899,38.66992,0.41263,
1898,38.57352,0.41371,
1897,38.48046,0.41476,
1896,38.39418,0.41573,
1895,38.30469,0.41675,
1894,38.20051,0.41793,
1893,38.09734,0.41911,
1892,37.99464,0.42028,
1891,37.87938,0.42160,
1890,37.74352,0.42316,
1889,37.62037,0.42458,
1888,37.50446,0.42592,
1887,37.39177,0.42722,
1886,37.26583,0.42869,
1885,37.13471,0.43022,
1884,36.98621,0.43196,
1883,36.84572,0.43361,
1882,36.71218,0.43519,
1881,36.59272,0.43661,
1880,36.45975,0.43819,
1879,36.33416,0.43968,
1878,36.19956,0.44130,
1877,36.06405,0.44293,
1876,35.94851,0.44432,
1875,35.83765,0.44566,
1874,35.72509,0.44703,
1873,35.61395,0.44838,
1872,35.48964,0.44990,
1871,35.36222,0.45146,
1870,35.25492,0.45278,
1869,35.15565,0.45400,
1868,35.05066,0.45530,
1867,34.94408,0.45663,
1866,34.84206,0.45790,
1865,34.72947,0.45930,
1864,34.6264,0.46059,
1863,34.51441,0.46200,
1862,34.41262,0.46328,
1861,34.30731,0.46461,
1860,34.18679,0.46614,
1859,34.05116,0.46787,
1858,33.91095,0.46966,
1857,33.78293,0.47130,
1856,33.65128,0.47300,
1855,33.52475,0.47463,
1854,33.39538,0.47631,
1853,33.25417,0.47815,
1852,33.10355,0.48013,
1851,32.96127,0.48200,
1850,32.84069,0.48359,
1849,32.70869,0.48534,
1848,32.57124,0.48717,
1847,32.41732,0.48922,
1846,32.25907,0.49135,
1845,32.13408,0.49303,
1844,32.01294,0.49467,
1843,31.90033,0.49620,
1842,31.77121,0.49797,
1841,31.64038,0.49976,
1840,31.52005,0.50141,
1839,31.41295,0.50289,
1838,31.29384,0.50454,
1837,31.17887,0.50614,
1836,31.04938,0.50795,
1835,30.91615,0.50981,
1834,30.79396,0.51153,
1833,30.6801,0.51314,
1832,30.5667,0.51475,
1831,30.45005,0.51641,
1830,30.32694,0.51817,
1829,30.19623,0.52005,
1828,30.08743,0.52161,
1827,29.96374,0.52340,
1826,29.83785,0.52523,
1825,29.70256,0.52721,
1824,29.5794,0.52901,
1823,29.46371,0.53071,
1822,29.33878,0.53256,
1821,29.21168,0.53444,
1820,29.06366,0.53665,
1819,28.93082,0.53864,
1818,28.80083,0.54060,
1817,28.68125,0.54240,
1816,28.5452,0.54447,
1815,28.40808,0.54656,
1814,28.28621,0.54843,
1813,28.15711,0.55041,
1812,28.04211,0.55219,
1811,27.90751,0.55428,
1810,27.79187,0.55608,
1809,27.68219,0.55780,
1808,27.57204,0.55953,
1807,27.45812,0.56133,
1806,27.34102,0.56319,
1805,27.24233,0.56476,
1804,27.12297,0.56666,
1803,27.02292,0.56827,
1802,26.91001,0.57009,
1801,26.80073,0.57185,
1800,26.68224,0.57378,
1799,26.57543,0.57552,
1798,26.46878,0.57727,
1797,26.35234,0.57918,
1796,26.24319,0.58098,
1795,26.12227,0.58299,
1794,25.99822,0.58506,
1793,25.87556,0.58711,
1792,25.75775,0.58909,
1791,25.63472,0.59117,
1790,25.50779,0.59333,
1789,25.38363,0.59545,
1788,25.25852,0.59759,
1787,25.13132,0.59978,
1786,25.00614,0.60195,
1785,24.88123,0.60413,
1784,24.76924,0.60609,
1783,24.64093,0.60834,
1782,24.52253,0.61043,
1781,24.40093,0.61259,
1780,24.28527,0.61466,
1779,24.17057,0.61671,
1778,24.04553,0.61897,
1777,23.93343,0.62100,
1776,23.81392,0.62317,
1775,23.69507,0.62534,
1774,23.58216,0.62742,
1773,23.46614,0.62956,
1772,23.35585,0.63160,
1771,23.2469,0.63363,
1770,23.14862,0.63547,
1769,23.04425,0.63744,
1768,22.94486,0.63931,
1767,22.85592,0.64100,
1766,22.77004,0.64264,
1765,22.67897,0.64438,
1764,22.58784,0.64613,
1763,22.50259,0.64777,
1762,22.40824,0.64959,
1761,22.31721,0.65136,
1760,22.22887,0.65308,
1759,22.13698,0.65488,
1758,22.04241,0.65674,
1757,21.94976,0.65857,
1756,21.85498,0.66045,
1755,21.7531,0.66248,
1754,21.65591,0.66442,
1753,21.55277,0.66650,
1752,21.45028,0.66857,
1751,21.35664,0.67047,
1750,21.25072,0.67263,
1749,21.14721,0.67475,
1748,21.04595,0.67683,
1747,20.94253,0.67897,
1746,20.83596,0.68119,
1745,20.72328,0.68354,
1744,20.61266,0.68587,
1743,20.49496,0.68835,
1742,20.37567,0.69089,
1741,20.26802,0.69319,
1740,20.15752,0.69556,
1739,20.05462,0.69779,
1738,19.95941,0.69985,
1737,19.85762,0.70207,
1736,19.76359,0.70413,
1735,19.67966,0.70598,
1734,19.58966,0.70797,
1733,19.51101,0.70972,
1732,19.42993,0.71153,
1731,19.35342,0.71324,
1730,19.27732,0.71495,
1729,19.2003,0.71669,
1728,19.12438,0.71841,
1727,19.03727,0.72040,
1726,18.95348,0.72231,
1725,18.86805,0.72427,
1724,18.77694,0.72638,
1723,18.68666,0.72847,
1722,18.61047,0.73024,
1721,18.53011,0.73212,
1720,18.45715,0.73384,
1719,18.38398,0.73556,
1718,18.31699,0.73715,
1717,18.24274,0.73891,
1716,18.17278,0.74058,
1715,18.10455,0.74221,
1714,18.02537,0.74412,
1713,17.94395,0.74608,
1712,17.858,0.74817,
1711,17.76334,0.75048,
1710,17.66149,0.75297,
1709,17.56535,0.75534,
1708,17.45711,0.75803,
1707,17.34776,0.76076,
1706,17.24176,0.76342,
1705,17.11596,0.76660,
1704,16.99728,0.76962,
1703,16.87789,0.77268,
1702,16.7575,0.77579,
1701,16.64806,0.77864,
1700,16.54738,0.78127,
1699,16.46695,0.78339,
1698,16.39916,0.78518,
1697,16.3457,0.78660,
1696,16.29816,0.78786,
1695,16.24407,0.78931,
1694,16.18903,0.79078,
1693,16.11772,0.79270,
1692,16.03441,0.79495,
1691,15.94497,0.79738,
1690,15.86255,0.79963,
1689,15.78431,0.80177,
1688,15.71653,0.80364,
1687,15.66345,0.80511,
1686,15.61865,0.80636,
1685,15.58263,0.80736,
1684,15.54986,0.80827,
1683,15.51156,0.80934,
1682,15.47007,0.81051,
1681,15.4166,0.81201,
1680,15.34589,0.81401,
1679,15.26222,0.81638,
1678,15.1604,0.81929,
1677,15.05278,0.82238,
1676,14.93443,0.82581,
1675,14.8157,0.82928,
1674,14.69532,0.83282,
1673,14.57676,0.83634,
1672,14.46646,0.83964,
1671,14.36805,0.84260,
1670,14.28858,0.84501,
1669,14.21391,0.84729,
1668,14.16301,0.84884,
1667,14.12667,0.84996,
1666,14.10302,0.85069,
1665,14.08749,0.85117,
1664,14.07602,0.85152,
1663,14.06265,0.85193,
1662,14.04067,0.85261,
1661,14.01227,0.85349,
1660,13.97207,0.85474,
1659,13.92492,0.85621,
1658,13.87121,0.85789,
1657,13.80511,0.85996,
1656,13.73738,0.86210,
1655,13.66217,0.86448,
1654,13.58357,0.86699,
1653,13.49559,0.86981,
1652,13.4066,0.87268,
1651,13.32031,0.87549,
1650,13.22638,0.87856,
1649,13.13491,0.88157,
1648,13.04986,0.88439,
1647,12.96552,0.88721,
1646,12.88789,0.88982,
1645,12.81472,0.89229,
1644,12.74187,0.89477,
1643,12.66771,0.89730,
1642,12.59801,0.89970,
1641,12.51352,0.90262,
1640,12.4351,0.90535,
1639,12.3514,0.90828,
1638,12.26843,0.91121,
1637,12.17912,0.91438,
1636,12.09169,0.91751,
1635,12.00595,0.92060,
1634,11.91589,0.92387,
1633,11.83149,0.92696,
1632,11.75145,0.92991,
1631,11.66466,0.93313,
1630,11.58287,0.93618,
1629,11.50837,0.93899,
1628,11.41688,0.94245,
1627,11.33582,0.94555,
1626,11.25172,0.94878,
1625,11.16383,0.95219,
1624,11.07836,0.95552,
1623,10.98917,0.95904,
1622,10.89815,0.96265,
1621,10.80277,0.96646,
1620,10.70872,0.97026,
1619,10.61611,0.97403,
1618,10.52495,0.97778,
1617,10.43241,0.98162,
1616,10.3412,0.98543,
1615,10.24581,0.98945,
1614,10.15167,0.99346,
1613,10.06102,0.99736,
1612,9.97122,1.00125,
1611,9.88148,1.00518,
1610,9.79273,1.00910,
1609,9.70018,1.01322,
1608,9.61488,1.01706,
1607,9.52619,1.02108,
1606,9.44732,1.02469,
1605,9.36164,1.02865,
1604,9.28345,1.03229,
1603,9.19987,1.03622,
1602,9.11709,1.04014,
1601,9.0371,1.04397,
1600,8.95594,1.04789,
1599,8.87127,1.05201,
1598,8.78808,1.05611,
1597,8.70463,1.06025,
1596,8.6195,1.06452,
1595,8.53118,1.06899,
1594,8.44494,1.07340,
1593,8.35962,1.07781,
1592,8.27524,1.08222,
1591,8.18842,1.08680,
1590,8.1025,1.09138,
1589,8.01485,1.09610,
1588,7.93122,1.10066,
1587,7.85284,1.10497,
1586,7.77359,1.10938,
1585,7.69209,1.11396,
1584,7.61803,1.11816,
1583,7.53943,1.12266,
1582,7.46212,1.12714,
1581,7.38916,1.13140,
1580,7.31753,1.13564,
1579,7.24256,1.14011,
1578,7.16876,1.14456,
1577,7.09556,1.14901,
1576,7.01935,1.15370,
1575,6.9443,1.15837,
1574,6.86698,1.16323,
1573,6.79231,1.16798,
1572,6.71426,1.17300,
1571,6.63682,1.17804,
1570,6.55787,1.18324,
1569,6.48048,1.18839,
1568,6.40255,1.19365,
1567,6.32854,1.19870,
1566,6.25315,1.20390,
1565,6.17866,1.20911,
1564,6.10477,1.21433,
1563,6.02994,1.21969,
1562,5.96055,1.22471,
1561,5.88999,1.22989,
1560,5.82282,1.23487,
1559,5.75371,1.24005,
1558,5.68606,1.24519,
1557,5.61496,1.25065,
1556,5.54783,1.25588,
1555,5.47782,1.26139,
1554,5.41059,1.26676,
1553,5.33851,1.27258,
1552,5.27324,1.27792,
1551,5.19924,1.28406,
1550,5.12508,1.29030,
1549,5.06132,1.29574,
1548,4.98987,1.30191,
1547,4.91828,1.30819,
1546,4.8476,1.31447,
1545,4.77338,1.32117,
1544,4.70497,1.32744,
1543,4.63493,1.33396,
1542,4.5743,1.33968,
1541,4.50498,1.34631,
1540,4.43821,1.35279,
1539,4.37522,1.35900,
1538,4.31142,1.36538,
1537,4.247,1.37192,
1536,4.18637,1.37816,
1535,4.1254,1.38453,
1534,4.06509,1.39093,
1533,4.00665,1.39722,
1532,3.94266,1.40421,
1531,3.88157,1.41099,
1530,3.82369,1.41752,
1529,3.7583,1.42501,
1528,3.6975,1.43209,
1527,3.63948,1.43896,
1526,3.57897,1.44624,
1525,3.51729,1.45379,
1524,3.45627,1.46139,
1523,3.39972,1.46856,
1522,3.33865,1.47643,
1521,3.28223,1.48383,
1520,3.22527,1.49143,
1519,3.16867,1.49912,
1518,3.11063,1.50715,
1517,3.06086,1.51416,
1516,3.00906,1.52157,
1515,2.95774,1.52904,
1514,2.90705,1.53655,
1513,2.85543,1.54433,
1512,2.80283,1.55240,
1511,2.75639,1.55966,
1510,2.70801,1.56735,
1509,2.65881,1.57531,
1508,2.60945,1.58345,
1507,2.55999,1.59176,
1506,2.51189,1.60000,
1505,2.4644,1.60829,
1504,2.41845,1.61646,
1503,2.37227,1.62484,
1502,2.32401,1.63376,
1501,2.28049,1.64197,
1500,2.23322,1.65107,
1499,2.19316,1.65893,
1498,2.14779,1.66801,
1497,2.10776,1.67618,
1496,2.06987,1.68406,
1495,2.03165,1.69215,
1494,1.99239,1.70063,
1493,1.95842,1.70809,
1492,1.92135,1.71639,
1491,1.88634,1.72438,
1490,1.84972,1.73289,
1489,1.8148,1.74117,
1488,1.78191,1.74911,
1487,1.74634,1.75787,
1486,1.71274,1.76631,
1485,1.67948,1.77483,
1484,1.6449,1.78386,
1483,1.61212,1.79260,
1482,1.58009,1.80132,
1481,1.54848,1.81010,
1480,1.51493,1.81961,
1479,1.48742,1.82757,
1478,1.45944,1.83581,
1477,1.4335,1.84360,
1476,1.40692,1.85173,
1475,1.37768,1.86085,
1474,1.35376,1.86846,
1473,1.32928,1.87638,
1472,1.30797,1.88340,
1471,1.28296,1.89179,
1470,1.25828,1.90022,
1469,1.23544,1.90818,
1468,1.21175,1.91659,
1467,1.19025,1.92436,
1466,1.16884,1.93224,
1465,1.14737,1.94030,
1464,1.12773,1.94779,
1463,1.10413,1.95698,
1462,1.08101,1.96617,
1461,1.05954,1.97488,
1460,1.04176,1.98223,
1459,1.02257,1.99031,
1458,1.00401,1.99826,
1457,0.98443,2.00681,
1456,0.97014,2.01317,
1455,0.9512,2.02173,
1454,0.93522,2.02909,
1453,0.91738,2.03745,
1452,0.90457,2.04356,
1451,0.88648,2.05233,
1450,0.87179,2.05959,
1449,0.85237,2.06937,
1448,0.83818,2.07666,
1447,0.82238,2.08493,
1446,0.80775,2.09273,
1445,0.78973,2.10252,
1444,0.77576,2.11027,
1443,0.76143,2.11837,
1442,0.74452,2.12812,
1441,0.7309,2.13614,
1440,0.71933,2.14307,
1439,0.70563,2.15142,
1438,0.69288,2.15934,
1437,0.67946,2.16784,
1436,0.66657,2.17616,
1435,0.65417,2.18431,
1434,0.63796,2.19521,
1433,0.63078,2.20012,
1432,0.61363,2.21209,
1431,0.60251,2.22004,
1430,0.58957,2.22947,
1429,0.5795,2.23695,
1428,0.56397,2.24875,
1427,0.55304,2.25724,
1426,0.54247,2.26562,
1425,0.53351,2.27286,
1424,0.52057,2.28352,
1423,0.50562,2.29618,
1422,0.49787,2.30288,
1421,0.48523,2.31406,
1420,0.47596,2.32243,
1419,0.46585,2.33175,
1418,0.45551,2.34150,
1417,0.44636,2.35031,
1416,0.43425,2.36226,
1415,0.42464,2.37198,
1414,0.41316,2.38388,
1413,0.40356,2.39410,
1412,0.39176,2.40698,
1411,0.37894,2.42142,
1410,0.3748,2.42620,
1409,0.36185,2.44147,
1408,0.35039,2.45545,
1407,0.34229,2.46561,
1406,0.3335,2.47690,
1405,0.32328,2.49043,
1404,0.31345,2.50383,
1403,0.30224,2.51964,
1402,0.29491,2.53031,
1401,0.28979,2.53791,
1400,0.27852,2.55515,
1399,0.26756,2.57258,
1398,0.25774,2.58882,
1397,0.25345,2.59611,
1396,0.24538,2.61016,
1395,0.23601,2.62707,
1394,0.22632,2.64527,
1393,0.21783,2.66189,
1392,0.21716,2.66322,
1391,0.20305,2.69239,
1390,0.20056,2.69775,
1389,0.19311,2.71420,
1388,0.18983,2.72163,
1387,0.17765,2.75044,
1386,0.17607,2.75432,
1385,0.16871,2.77287,
1384,0.16113,2.79281,
1383,0.16136,2.79220,
1382,0.15346,2.81401,
1381,0.14901,2.82678,
1380,0.14245,2.84633,
1379,0.13729,2.86235,
1378,0.13081,2.88336,
1377,0.13051,2.88434,
1376,0.12441,2.90515,
1375,0.12151,2.91539,
1374,0.11673,2.93282,
1373,0.11341,2.94533,
1372,0.11022,2.95774,
1371,0.10785,2.96717,
1370,0.10366,2.98437,
1369,0.09843,3.00687,
1368,0.09478,3.02326,
1367,0.09125,3.03977,
1366,0.08996,3.04596,
1365,0.09188,3.03676,
1364,0.08575,3.06677,
1363,0.08177,3.08739,
1362,0.08223,3.08496,
1361,0.07743,3.11106,
1360,0.07419,3.12963,
1359,0.07438,3.12852,
1358,0.07097,3.14894,
1357,0.06866,3.16330,
1356,0.06839,3.16502,
1355,0.06727,3.17219,
1354,0.06754,3.17047,
1353,0.06254,3.20382,
1352,0.06006,3.22140,
1351,0.05951,3.22541,
1350,0.05742,3.24093,
1349,0.05645,3.24831,
1348,0.05668,3.24654,
1347,0.05419,3.26610,
1346,0.05326,3.27363,
1345,0.05366,3.27037,
1344,0.05029,3.29851,
1343,0.04874,3.31209,
1342,0.04832,3.31591,
1341,0.04751,3.32324,
1340,0.04575,3.33958,
1339,0.04826,3.31643,
1338,0.04521,3.34478,
1337,0.04339,3.36256,
1336,0.0454,3.34290,
1335,0.04625,3.33491,
1334,0.04243,3.37235,
1333,0.04405,3.35607,
1332,0.04082,3.38911,
1331,0.04122,3.38489,
1330,0.0405,3.39260,
1329,0.03877,3.41145,
1328,0.04134,3.38367,
1327,0.03602,3.44345,
1326,0.0359,3.44490,
1325,0.03737,3.42748,
1324,0.03616,3.44179,
1323,0.03567,3.44766,
1322,0.03459,3.46103,
1321,0.0346,3.46094,
1320,0.03658,3.43681,
1319,0.03378,3.47139,
1318,0.03348,3.47518,
1317,0.03415,3.46667,
1316,0.03639,3.43896,
1315,0.03118,3.50615,
1314,0.03261,3.48668,
1313,0.02836,3.54725,
1312,0.03028,3.51879,
1311,0.03177,3.49796,
1310,0.0314,3.50311,
1309,0.03318,3.47907,
1308,0.0306,3.51434,
1307,0.03004,3.52227,
1306,0.02896,3.53823,
1305,0.03241,3.48937,
1304,0.02998,3.52312,
1303,0.02894,3.53853,
1302,0.02971,3.52714,
1301,0.03114,3.50671,
1300,0.02941,3.53149,
1299,0.02737,3.56278,
1298,0.02996,3.52347,
1297,0.02901,3.53750,
1296,0.0266,3.57508,
1295,0.02754,3.55996,
1294,0.02934,3.53261,
1293,0.02853,3.54473,
1292,0.02867,3.54260,
1291,0.02919,3.53481,
1290,0.02882,3.54037,
1289,0.02662,3.57485,
1288,0.02654,3.57604,
1287,0.0279,3.55439,
1286,0.0283,3.54819,
1285,0.02827,3.54871,
1284,0.02622,3.58140,
1283,0.02751,3.56051,
1282,0.02485,3.60466,
1281,0.02809,3.55141,
1280,0.02577,3.58892,
1279,0.0258,3.58842,
1278,0.02644,3.57772,
1277,0.02461,3.60881,
1276,0.02685,3.57107,
1275,0.0267,3.57342,
1274,0.02541,3.59502,
1273,0.02435,3.61348,
1272,0.02444,3.61194,
1271,0.0243,3.61444,
1270,0.02429,3.61453,
1269,0.02316,3.63520,
1268,0.02246,3.64858,
1267,0.02631,3.57980,
1266,0.02381,3.62325,
1265,0.0253,3.59697,
1264,0.0237,3.62527,
1263,0.02665,3.57437,
1262,0.02237,3.65032,
1261,0.02371,3.62509,
1260,0.02281,3.64196,
1259,0.02266,3.64466,
1258,0.02261,3.64572,
1257,0.02216,3.65441,
1256,0.0224,3.64982,
1255,0.0241,3.61793,
1254,0.02342,3.63050,
1253,0.02228,3.65203,
1252,0.02144,3.66872,
1251,0.02292,3.63970,
1250,0.02042,3.69004,
1249,0.0216,3.66556,
1248,0.0243,3.61443,
1247,0.02161,3.66540,
1246,0.02168,3.66388,
1245,0.02109,3.67599,
1244,0.02023,3.69397,
1243,0.02124,3.67287,
1242,0.02177,3.66214,
1241,0.02183,3.66090,
1240,0.02006,3.69757,
1239,0.02189,3.65985,
1238,0.02293,3.63961,
1237,0.01905,3.72007,
1236,0.02246,3.64850,
1235,0.02198,3.65788,
1234,0.02268,3.64435,
1233,0.02018,3.69510,
1232,0.021,3.67776,
1231,0.02141,3.66930,
1230,0.02105,3.67674,
1229,0.02229,3.65189,
1228,0.02219,3.65375,
1227,0.02385,3.62257,
1226,0.02124,3.67292,
1225,0.02121,3.67338,
1224,0.02055,3.68711,
1223,0.01929,3.71469,
1222,0.02135,3.67065,
1221,0.02304,3.63744,
1220,0.01984,3.70240,
1219,0.01916,3.71764,
1218,0.02137,3.67017,
1217,0.01951,3.70972,
1216,0.01907,3.71962,
1215,0.0225,3.64774,
1214,0.02186,3.66030,
1213,0.02236,3.65055,
1212,0.02121,3.67339,
1211,0.02164,3.66481,
1210,0.02122,3.67318,
1209,0.01786,3.74813,
1208,0.0208,3.68184,
1207,0.02124,3.67290,
1206,0.02266,3.64479,
1205,0.02187,3.66025,
1204,0.02089,3.68017,
1203,0.02317,3.63508,
1202,0.02082,3.68147,
1201,0.02113,3.67520,
1200,0.01911,3.71869,
1199,0.02645,3.57766,
1198,0.02277,3.64261,
1197,0.02261,3.64566,
1196,0.0204,3.69030,
1195,0.01885,3.72480,
1194,0.02377,3.62396,
1193,0.02401,3.61958,
1192,0.02158,3.66585,
1191,0.02127,3.67215,
1190,0.02284,3.64133,
1189,0.02149,3.66767,
1188,0.01916,3.71762,
1187,0.02111,3.67547,
1186,0.01887,3.72425,
1185,0.02027,3.69318,
1184,0.02094,3.67906,
1183,0.02187,3.66025,
1182,0.01777,3.75029,
1181,0.02363,3.62645,
1180,0.0225,3.64787,
1179,0.01985,3.70231,
1178,0.01837,3.73578,
1177,0.01963,3.70716,
1176,0.01954,3.70903,
1175,0.01891,3.72326,
1174,0.02019,3.69485,
1173,0.02107,3.67628,
1172,0.02205,3.65654,
1171,0.02022,3.69430,
1170,0.01842,3.73470,
1169,0.01831,3.73740,
1168,0.02082,3.68160,
1167,0.02131,3.67144,
1166,0.01968,3.70591,
1165,0.02157,3.66624,
1164,0.02108,3.67622,
1163,0.02149,3.66782,
1162,0.01886,3.72436,
1161,0.02334,3.63196,
1160,0.02058,3.68649,
1159,0.02141,3.66944,
1158,0.0212,3.67359,
1157,0.0221,3.65552,
1156,0.0204,3.69029,
1155,0.02261,3.64570,
1154,0.02078,3.68242,
1153,0.02288,3.64046,
1152,0.02043,3.68964,
1151,0.02029,3.69266,
1150,0.01956,3.70865,
1149,0.01874,3.72716,
1148,0.019,3.72133,
1147,0.0211,3.67564,
1146,0.0202,3.69457,
1145,0.02191,3.65930,
1144,0.01943,3.71145,
1143,0.02185,3.66047,
1142,0.02311,3.63627,
1141,0.02268,3.64434,
1140,0.01884,3.72497,
1139,0.02145,3.66849,
1138,0.02008,3.69723,
1137,0.02112,3.67528,
1136,0.02105,3.67676,
1135,0.02018,3.69510,
1134,0.02179,3.66166,
1133,0.02057,3.68669,
1132,0.0185,3.73283,
1131,0.02153,3.66689,
1130,0.02003,3.69833,
1129,0.02129,3.67178,
1128,0.02321,3.63431,
1127,0.02071,3.68381,
1126,0.01791,3.74693,
1125,0.02187,3.66005,
1124,0.01915,3.71779,
1123,0.02091,3.67968,
1122,0.0224,3.64973,
1121,0.01802,3.74429,
1120,0.02108,3.67606,
1119,0.02195,3.65860,
1118,0.01987,3.70177,
1117,0.02353,3.62842,
1116,0.02138,3.67007,
1115,0.02024,3.69387,
1114,0.02188,3.65992,
1113,0.02048,3.68865,
1112,0.02117,3.67427,
1111,0.02056,3.68697,
1110,0.02158,3.66601,
1109,0.01994,3.70025,
1108,0.01976,3.70431,
1107,0.01968,3.70605,
1106,0.01842,3.73477,
1105,0.02071,3.68376,
1104,0.02101,3.67760,
1103,0.0212,3.67371,
1102,0.01957,3.70852,
1101,0.01967,3.70628,
1100,0.02043,3.68964,
1099,0.02162,3.66523,
1098,0.01866,3.72915,
1097,0.01909,3.71930,
1096,0.02112,3.67539,
1095,0.0223,3.65172,
1094,0.02016,3.69554,
1093,0.01966,3.70649,
1092,0.02151,3.66745,
1091,0.01951,3.70980,
1090,0.01943,3.71150,
1089,0.01994,3.70021,
1088,0.01918,3.71721,
1087,0.0184,3.73528,
1086,0.02072,3.68360,
1085,0.02016,3.69554,
1084,0.02166,3.66428,
1083,0.02014,3.69585,
1082,0.02209,3.65581,
1081,0.02229,3.65189,
1080,0.02282,3.64163,
1079,0.01844,3.73419,
1078,0.01721,3.76417,
1077,0.02254,3.64703,
1076,0.0184,3.73510,
1075,0.01953,3.70932,
1074,0.0196,3.70773,
1073,0.01799,3.74502,
1072,0.01973,3.70490,
1071,0.0197,3.70563,
1070,0.02067,3.68473,
1069,0.0203,3.69260,
1068,0.01948,3.71037,
1067,0.02044,3.68943,
1066,0.01791,3.74691,
1065,0.01823,3.73922,
1064,0.01838,3.73573,
1063,0.01933,3.71385,
1062,0.01935,3.71322,
1061,0.01673,3.77659,
1060,0.01825,3.73872,
1059,0.02271,3.64374,
1058,0.01781,3.74928,
1057,0.0204,3.69032,
1056,0.02353,3.62846,
1055,0.02106,3.67646,
1054,0.0226,3.64584,
1053,0.019,3.72131,
1052,0.01748,3.75749,
1051,0.02273,3.64336,
1050,0.02007,3.69742,
1049,0.0213,3.67161,
1048,0.01964,3.70685,
1047,0.02124,3.67294,
1046,0.02165,3.66461,
1045,0.01963,3.70717,
1044,0.02055,3.68714,
1043,0.02094,3.67911,
1042,0.01982,3.70296,
1041,0.02025,3.69367,
1040,0.02164,3.66466,
1039,0.0199,3.70110,
1038,0.0211,3.67576,
1037,0.02314,3.63555,
1036,0.01928,3.71500,
1035,0.02145,3.66852,
1034,0.01969,3.70572,
1033,0.02103,3.67715,
1032,0.02277,3.64264,
1031,0.02235,3.65074,
1030,0.02153,3.66695,
1029,0.02278,3.64241,
1028,0.02148,3.66787,
1027,0.0206,3.68603,
1026,0.02246,3.64854,
1025,0.02178,3.66197,
1024,0.02067,3.68464,
1023,0.02399,3.62003,
1022,0.01953,3.70919,
1021,0.02134,3.67071,
1020,0.0215,3.66750,
1019,0.01993,3.70044,
1018,0.01902,3.72078,
1017,0.02009,3.69696,
1016,0.02023,3.69401,
1015,0.01928,3.71480,
1014,0.02162,3.66515,
1013,0.01867,3.72895,
1012,0.02201,3.65734,
1011,0.0217,3.66351,
1010,0.02184,3.66075,
1009,0.02221,3.65349,
1008,0.02101,3.67757,
1007,0.02086,3.68074,
1006,0.02122,3.67330,
1005,0.01919,3.71699,
1004,0.02081,3.68164,
1003,0.01842,3.73470,
1002,0.02008,3.69715,
1001,0.02097,3.67835,
1000,0.01887,3.72415,
999,0.02266,3.64467,
998,0.02151,3.66733,
997,0.01858,3.73101,
996,0.01969,3.70566,
995,0.02049,3.68854,
994,0.02104,3.67689,
993,0.01989,3.70143,
992,0.01963,3.70699,
991,0.02071,3.68375,
990,0.01784,3.74850,
989,0.02374,3.62448,
988,0.01988,3.70154,
987,0.02145,3.66866,
986,0.01912,3.71860,
985,0.01993,3.70056,
984,0.01994,3.70031,
983,0.02102,3.67737,
982,0.02233,3.65105,
981,0.01966,3.70645,
980,0.02082,3.68151,
979,0.02108,3.67615,
978,0.01975,3.70454,
977,0.01997,3.69965,
976,0.02081,3.68176,
975,0.02022,3.69429,
974,0.01852,3.73239,
973,0.01609,3.79343,
972,0.0211,3.67576,
971,0.01889,3.72372,
970,0.01677,3.77543,
969,0.01973,3.70487,
968,0.01944,3.71139,
967,0.01753,3.75627,
966,0.0207,3.68395,
965,0.0185,3.73281,
964,0.01865,3.72922,
963,0.01972,3.70504,
962,0.02036,3.69118,
961,0.02178,3.66198,
960,0.02346,3.62971,
959,0.02285,3.64110,
958,0.01952,3.70950,
957,0.02065,3.68500,
956,0.02156,3.66626,
955,0.01994,3.70030,
954,0.02142,3.66927,
953,0.02015,3.69565,
952,0.01917,3.71730,
951,0.01723,3.76381,
950,0.02139,3.66977,
949,0.02316,3.63524,
948,0.01995,3.70016,
947,0.01858,3.73091,
946,0.01977,3.70392,
945,0.01801,3.74446,
944,0.01998,3.69932,
943,0.01785,3.74842,
942,0.01931,3.71419,
941,0.02212,3.65515,
940,0.02289,3.64033,
939,0.02084,3.68115,
938,0.02108,3.67618,
937,0.01927,3.71520,
936,0.02008,3.69722,
935,0.0194,3.71227,
934,0.02114,3.67489,
933,0.01884,3.72493,
932,0.01949,3.71011,
931,0.01703,3.76890,
930,0.02269,3.64410,
929,0.01916,3.71766,
928,0.02069,3.68414,
927,0.01965,3.70663,
926,0.01956,3.70858,
925,0.02219,3.65394,
924,0.01954,3.70905,
923,0.01777,3.75021,
922,0.01975,3.70441,
921,0.02259,3.64612,
920,0.01861,3.73029,
919,0.02323,3.63404,
918,0.02051,3.68809,
917,0.02171,3.66334,
916,0.01904,3.72031,
915,0.01942,3.71177,
914,0.02198,3.65789,
913,0.02135,3.67057,
912,0.02231,3.65143,
911,0.02175,3.66245,
910,0.01958,3.70811,
909,0.02144,3.66885,
908,0.02089,3.68008,
907,0.01989,3.70142,
906,0.02148,3.66804,
905,0.01991,3.70098,
904,0.0198,3.70330,
903,0.02171,3.66333,
902,0.01997,3.69953,
901,0.02118,3.67406,
900,0.02037,3.69103,
899,0.01929,3.71461,
898,0.0195,3.70997,
897,0.02256,3.64671,
896,0.02053,3.68771,
895,0.02004,3.69815,
894,0.02043,3.68967,
893,0.0181,3.74226,
892,0.02124,3.67284,
891,0.01798,3.74517,
890,0.02261,3.64565,
889,0.01665,3.77858,
888,0.02054,3.68750,
887,0.02106,3.67654,
886,0.02021,3.69436,
885,0.02269,3.64417,
884,0.02058,3.68663,
883,0.02205,3.65659,
882,0.02032,3.69200,
881,0.02033,3.69194,
880,0.02212,3.65517,
879,0.02192,3.65907,
878,0.02256,3.64675,
877,0.02007,3.69756,
876,0.0193,3.71454,
875,0.02086,3.68073,
874,0.02148,3.66803,
873,0.02017,3.69522,
872,0.02037,3.69104,
871,0.0195,3.70997,
870,0.02036,3.69116,
869,0.02273,3.64348,
868,0.02235,3.65067,
867,0.02149,3.66782,
866,0.01906,3.71987,
865,0.02308,3.63686,
864,0.02033,3.69180,
863,0.02176,3.66226,
862,0.01855,3.73177,
861,0.02083,3.68122,
860,0.02054,3.68732,
859,0.02023,3.69410,
858,0.01931,3.71416,
857,0.01968,3.70600,
856,0.0201,3.69682,
855,0.01862,3.72997,
854,0.02286,3.64093,
853,0.01932,3.71403,
852,0.02026,3.69343,
851,0.02103,3.67725,
850,0.0216,3.66545,
849,0.02239,3.64995,
848,0.02005,3.69784,
847,0.02117,3.67428,
846,0.02194,3.65881,
845,0.01923,3.71612,
844,0.02046,3.68917,
843,0.02127,3.67224,
842,0.02196,3.65833,
841,0.021,3.67778,
840,0.02036,3.69121,
839,0.01713,3.76625,
838,0.0211,3.67562,
837,0.02115,3.67459,
836,0.02033,3.69187,
835,0.02288,3.64060,
834,0.02072,3.68361,
833,0.02173,3.66294,
832,0.0228,3.64212,
831,0.01925,3.71551,
830,0.02066,3.68497,
829,0.01992,3.70068,
828,0.01813,3.74162,
827,0.02018,3.69500,
826,0.01789,3.74750,
825,0.01813,3.74161,
824,0.02199,3.65773,
823,0.02055,3.68710,
822,0.02231,3.65153,
821,0.02123,3.67298,
820,0.02087,3.68054,
819,0.0198,3.70334,
818,0.02029,3.69263,
817,0.02022,3.69415,
816,0.0194,3.71211,
815,0.01986,3.70198,
814,0.01842,3.73467,
813,0.02244,3.64896,
812,0.01932,3.71399,
811,0.02169,3.66364,
810,0.02048,3.68874,
809,0.02133,3.67096,
808,0.01864,3.72957,
807,0.01812,3.74185,
806,0.02255,3.64695,
805,0.02035,3.69140,
804,0.01793,3.74648,
803,0.02092,3.67949,
802,0.01856,3.73150,
801,0.02302,3.63789,
800,0.02144,3.66884,
799,2.31E-04,5.63728,
798,1.84E-04,5.73465,
797,2.63E-04,5.57946,
796,1.38E-04,5.85997,
795,1.61E-04,5.79226,
794,5.58E-05,6.25356,
793,7.62E-06,7.11822,
792,1.44E-04,5.84306,
791,2.00E-04,5.69912,
790,2.71E-04,5.56716,
789,3.85E-05,6.41436,
788,1.37E-04,5.86200,
787,2.15E-04,5.66735,
786,1.05E-04,5.97784,
785,1.86E-04,5.72961,
784,2.65E-05,6.57652,
783,1.15E-04,5.93870,
782,6.51E-05,6.18664,
781,1.43E-04,5.84528,
780,6.55E-05,6.18383,
779,1.72E-04,5.76502,
778,2.86E-04,5.54289,
777,1.74E-04,5.76019,
776,9.21E-05,6.03564,
775,1.55E-04,5.80996,
774,6.81E-05,6.16693,
773,1.97E-04,5.70463,
772,2.73E-05,6.56395,
771,2.61E-04,5.58389,
770,1.51E-06,7.82097,
769,1.04E-04,5.98298,
768,1.12E-05,6.95166,
767,1.00E-05,6.99999,
766,2.40E-04,5.61940,
765,2.13E-04,5.67150,
764,3.20E-04,5.49483,
763,1.23E-04,5.91035,
762,6.96E-05,6.15711,
761,6.38E-06,7.19546,
760,3.85E-04,5.41435,
759,4.22E-05,6.37490,
758,2.12E-04,5.67299,
757,1.87E-04,5.72701,
756,1.85E-04,5.73261,
755,1.57E-04,5.80452,
754,2.82E-05,6.54923,
753,2.78E-04,5.55626,
752,3.33E-05,6.47701,
751,1.99E-04,5.70122,
750,1.57E-04,5.80307,
749,1.28E-04,5.89422,
748,2.60E-04,5.58471,
747,1.05E-04,5.97842,
746,6.43E-05,6.19206,
745,6.64E-05,6.17781,
744,5.28E-05,6.27759,
743,5.05E-04,5.29634,
742,2.00E-04,5.69854,
741,1.31E-04,5.88137,
740,3.38E-04,5.47101,
739,2.72E-04,5.56548,
738,7.47E-05,6.12684,
737,5.77E-05,6.23906,
736,4.49E-06,7.34751,
735,1.26E-04,5.89909,
734,3.36E-05,6.47398,
733,4.80E-05,6.31849,
732,2.53E-04,5.59636,
731,5.76E-05,6.23933,
730,3.94E-04,5.40455,
729,7.58E-05,6.12061,
728,6.40E-05,6.19395,
727,1.21E-05,6.91648,
726,1.96E-04,5.70755,
725,6.76E-06,7.17016,
724,1.10E-04,5.95951,
723,1.69E-04,5.77121,
722,2.59E-04,5.58622,
721,1.19E-04,5.92330,
720,1.45E-04,5.83923,
719,7.96E-05,6.09888,
718,1.29E-04,5.89010,
717,1.67E-04,5.77763,
716,4.78E-05,6.32031,
715,6.86E-05,6.16353,
714,1.81E-04,5.74216,
713,6.95E-05,6.15811,
712,2.56E-04,5.59121,
711,2.69E-04,5.57000,
710,6.93E-05,6.15913,
709,1.68E-04,5.77500,
708,6.47E-05,6.18891,
707,7.95E-05,6.09941,
706,2.18E-05,6.66159,
705,2.17E-04,5.66402,
704,1.28E-04,5.89181,
703,1.43E-04,5.84591,
702,2.33E-05,6.63303,
701,1.37E-04,5.86391,
700,2.73E-05,6.56314,
699,1.57E-04,5.80459,
698,1.42E-04,5.84684,
697,2.62E-07,8.58092,
696,8.60E-05,6.06562,
695,2.12E-04,5.67430,
694,1.46E-05,6.83610,
693,8.85E-05,6.05326,
692,1.09E-04,5.96324,
691,1.52E-04,5.81947,
690,2.84E-05,6.54726,
689,1.07E-04,5.96896,
688,4.99E-05,6.30223,
687,1.81E-04,5.74297,
686,1.70E-05,6.76898,
685,1.91E-05,6.71989,
684,1.47E-04,5.83187,
683,2.47E-05,6.60664,
682,1.22E-04,5.91367,
681,3.42E-05,6.46610,
680,2.09E-04,5.67954,
679,1.00E-05,6.99925,
678,1.47E-04,5.83308,
677,9.46E-06,7.02414,
676,1.19E-04,5.92467,
675,3.04E-05,6.51690,
674,9.23E-05,6.03501,
673,1.18E-05,6.92730,
672,1.77E-04,5.75256,
671,2.00E-04,5.69918,
670,4.59E-05,6.33817,
669,6.14E-05,6.21179,
668,7.77E-05,6.10948,
667,1.36E-04,5.86669,
666,1.10E-04,5.96002,
665,8.31E-05,6.08044,
664,2.90E-05,6.53705,
663,3.86E-04,5.41339,
662,1.20E-04,5.92137,
661,1.19E-04,5.92611,
660,9.82E-05,6.00784,
659,1.14E-04,5.94278,
658,1.77E-04,5.75121,
657,1.12E-04,5.94966,
656,8.40E-05,6.07552,
655,1.41E-04,5.84997,
654,3.41E-05,6.46684,
653,5.48E-05,6.26083,
652,1.27E-05,6.89783,
651,9.46E-05,6.02409,
650,1.04E-04,5.98496,
649,8.13E-06,7.08989,
648,1.51E-04,5.81968,
647,3.58E-06,7.44605,
646,2.27E-05,6.64478,
645,1.16E-04,5.93624,
644,5.55E-05,6.25586,
643,1.34E-05,6.87270,
642,2.68E-04,5.57240,
641,7.01E-05,6.15432,
640,9.27E-05,6.03301,
639,9.85E-05,6.00640,
638,8.49E-05,6.07097,
637,1.31E-04,5.88154,
636,1.76E-05,6.75485,
635,6.34E-09,10.19805,
634,2.24E-05,6.64974,
633,3.06E-05,6.51371,
632,3.72E-05,6.42954,
631,1.89E-04,5.72249,
630,3.10E-04,5.50848,
629,5.35E-04,5.27178,
628,8.58E-04,5.06665,
627,9.79E-04,5.00919,
626,0.00124,4.90741,
625,0.00134,4.87285,
624,0.00121,4.91633,
623,9.86E-04,5.00621,
622,5.96E-04,5.22444,
621,4.26E-04,5.37056,
620,2.51E-04,5.60066,
619,1.50E-04,5.82481,
618,1.02E-04,5.99191,
617,5.87E-06,7.23135,
616,5.61E-05,6.25086,
615,7.10E-05,6.14869,
614,1.34E-05,6.87189,
613,5.23E-05,6.28130,
612,2.65E-05,6.57650,
611,2.12E-04,5.67423,
610,1.17E-05,6.93192,
609,2.40E-04,5.61968,
608,1.25E-04,5.90415,
607,6.47E-05,6.18895,
606,1.59E-04,5.79933,
605,2.94E-05,6.53111,
604,5.25E-05,6.28014,
603,1.68E-04,5.77383,
602,1.42E-04,5.84825,
601,2.30E-04,5.63781,
600,1.80E-04,5.74357,
599,7.50E-05,6.12467,
598,3.00E-04,5.52310,
597,2.79E-04,5.55515,
596,3.37E-04,5.47230,
595,2.48E-04,5.60490,
594,2.04E-04,5.69109,
593,3.12E-04,5.50631,
592,7.55E-05,6.12202,
591,2.88E-04,5.54113,
590,2.69E-04,5.56995,
589,1.64E-04,5.78414,
588,2.07E-04,5.68336,
587,1.54E-04,5.81336,
586,3.03E-04,5.51870,
585,7.13E-05,6.14702,
584,2.78E-04,5.55529,
583,4.94E-05,6.30645,
582,2.41E-04,5.61770,
581,1.39E-04,5.85731,
580,2.72E-04,5.56498,
579,2.00E-04,5.69929,
578,9.20E-05,6.03617,
577,1.97E-04,5.70571,
576,3.39E-05,6.46942,
575,2.31E-04,5.63573,
574,7.82E-05,6.10658,
573,2.95E-04,5.53028,
572,9.59E-05,6.01798,
571,4.76E-04,5.32277,
570,5.84E-04,5.23375,
569,3.71E-04,5.43103,
568,9.28E-04,5.03264,
567,6.83E-04,5.16584,
566,7.41E-04,5.13032,
565,6.28E-04,5.20207,
564,7.67E-04,5.11504,
563,9.07E-04,5.04236,
562,8.38E-04,5.07696,
561,7.78E-04,5.10877,
560,8.59E-04,5.06621,
559,7.57E-04,5.12113,
558,8.33E-04,5.07912,
557,8.35E-04,5.07847,
556,9.17E-04,5.03769,
555,9.76E-04,5.01044,
554,8.22E-04,5.08502,
553,9.94E-04,5.00258,
552,8.45E-04,5.07333,
551,9.87E-04,5.00559,
550,0.00108,4.96822,
549,0.00115,4.93859,
548,0.00102,4.99177,
547,9.62E-04,5.01667,
546,0.00103,4.98785,
545,0.00105,4.97989,
544,8.48E-04,5.07182,
543,9.50E-04,5.02235,
542,9.69E-04,5.01358,
541,0.00106,4.97365,
540,9.93E-04,5.00287,
539,0.00115,4.93833,
538,0.00119,4.92568,
537,0.00103,4.98597,
536,0.00112,4.95096,
535,0.00103,4.98537,
534,9.95E-04,5.00228,
533,0.00115,4.93863,
532,0.00106,4.97665,
531,0.00121,4.91830,
530,0.00113,4.94696,
529,0.00152,4.81787,
528,0.00129,4.89072,
527,0.00142,4.84853,
526,0.00161,4.79427,
525,0.00182,4.73948,
524,0.000936,5.02872,
523.9,0.000958,5.01863,
523.8,0.000971,5.01278,
523.7,0.000908,5.04191,
523.6,0.001053,4.97757,
523.5,0.001081,4.96617,
523.4,0.001187,4.92555,
523.3,0.001221,4.91328,
523.2,0.001251,4.90274,
523.1,0.001319,4.87976,
523,0.001336,4.87419,
522.9,0.001515,4.81959,
522.8,0.001458,4.83624,
522.7,0.001578,4.80189,
522.6,0.00161,4.79317,
522.5,0.001766,4.75301,
522.4,0.001651,4.78225,
522.3,0.001815,4.74112,
522.2,0.001817,4.74065,
522.1,0.001942,4.71175,
522,0.002073,4.68340,
521.9,0.002136,4.67040,
521.8,0.00229,4.64016,
521.7,0.002455,4.60995,
521.6,0.002424,4.61547,
521.5,0.002551,4.59329,
521.4,0.0026,4.58503,
521.3,0.002699,4.56880,
521.2,0.002938,4.53195,
521.1,0.003121,4.50571,
521,0.003262,4.48652,
520.9,0.003469,4.45980,
520.8,0.003684,4.43368,
520.7,0.003816,4.41839,
520.6,0.004059,4.39158,
520.5,0.004331,4.36341,
520.4,0.004362,4.36031,
520.3,0.004637,4.33376,
520.2,0.005177,4.28592,
520.1,0.005522,4.25790,
520,0.006041,4.21889,
519.9,0.006193,4.20810,
519.8,0.006669,4.17594,
519.7,0.007143,4.14612,
519.6,0.007484,4.12587,
519.5,0.00785,4.10513,
519.4,0.008627,4.06414,
519.3,0.009282,4.03236,
519.2,0.010027,3.99883,
519.1,0.010478,3.97972,
519,0.011581,3.93625,
518.9,0.012444,3.90504,
518.8,0.013372,3.87380,
518.7,0.014765,3.83077,
518.6,0.016019,3.79536,
518.5,0.017721,3.75151,
518.4,0.019114,3.71865,
518.3,0.020974,3.67832,
518.2,0.022394,3.64987,
518.1,0.025079,3.60069,
518,0.027665,3.55807,
517.9,0.030256,3.51919,
517.8,0.03375,3.47173,
517.7,0.037284,3.42848,
517.6,0.041858,3.37822,
517.5,0.046549,3.33209,
517.4,0.052798,3.27738,
517.3,0.059368,3.22645,
517.2,0.067376,3.17149,
517.1,0.076512,3.11627,
517,0.087312,3.05893,
516.9,0.099325,3.00294,
516.8,0.114571,2.94093,
516.7,0.133288,2.87521,
516.6,0.15674,2.80482,
516.5,0.183862,2.73551,
516.4,0.217375,2.66279,
516.3,0.257733,2.58883,
516.2,0.303862,2.51732,
516.1,0.363115,2.43996,
516,0.43896,2.35758,
515.9,0.530225,2.27554,
515.8,0.645329,2.19022,
515.7,0.799573,2.09714,
515.6,1.004943,1.99786,
515.5,1.268764,1.89662,
515.4,1.578652,1.80171,
515.3,2.056953,1.68678,
515.2,2.714546,1.56630,
515.1,3.616084,1.44176,
515,4.979597,1.30281,
514.9,6.855142,1.16398,
514.8,9.703421,1.01308,
514.7,13.497218,0.86976,
514.6,19.00036,0.72124,
514.5,25.547033,0.59266,
514.4,33.456516,0.47552,
514.3,40.903686,0.38824,
514.2,47.805432,0.32052,
514.1,53.611897,0.27074,
514,57.583656,0.23970,
513.9,59.850854,0.22293,
513.8,59.357614,0.22652,
513.7,56.848943,0.24528,
513.6,52.200056,0.28233,
513.5,45.618962,0.34085,
513.4,37.796918,0.42254,
513.3,29.917269,0.52408,
513.2,23.553877,0.62794,
513.1,17.749617,0.75081,
513,13.178931,0.88012,
512.9,9.719789,1.01234,
512.8,7.027674,1.15319,
512.7,5.115279,1.29113,
512.6,3.678549,1.43432,
512.5,2.765032,1.55830,
512.4,2.048513,1.68856,
512.3,1.596115,1.79694,
512.2,1.230751,1.90983,
512.1,0.973296,2.01176,
512,0.767021,2.11519,
511.9,0.618801,2.20845,
511.8,0.513597,2.28938,
511.7,0.423335,2.37332,
511.6,0.355008,2.44976,
511.5,0.296965,2.52729,
511.4,0.24868,2.60436,
511.3,0.208605,2.68068,
511.2,0.178508,2.74834,
511.1,0.152939,2.81548,
511,0.131321,2.88167,
510.9,0.112464,2.94899,
510.8,0.097113,3.01272,
510.7,0.083949,3.07598,
510.6,0.072929,3.13710,
510.5,0.063571,3.19674,
510.4,0.055799,3.25337,
510.3,0.049312,3.30705,
510.2,0.043587,3.36064,
510.1,0.038825,3.41089,
510,0.034629,3.46056,
509.9,0.031378,3.50337,
509.8,0.027844,3.55527,
509.7,0.025289,3.59707,
509.6,0.023025,3.63780,
509.5,0.020768,3.68261,
509.4,0.018773,3.72647,
509.3,0.017272,3.76266,
509.2,0.015737,3.80308,
509.1,0.014504,3.83851,
509,0.01339,3.87322,
508.9,0.012064,3.91851,
508.8,0.011153,3.95261,
508.7,0.010367,3.98435,
508.6,0.009459,4.02415,
508.5,0.008822,4.05443,
508.4,0.008285,4.08171,
508.3,0.00764,4.11691,
508.2,0.007107,4.14831,
508.1,0.006466,4.18936,
508,0.006136,4.21211,
507.9,0.005733,4.24162,
507.8,0.005233,4.28125,
507.7,0.004947,4.30566,
507.6,0.004733,4.32486,
507.5,0.004404,4.35615,
507.4,0.004054,4.39212,
507.3,0.003856,4.41386,
507.2,0.003644,4.43842,
507.1,0.003431,4.46458,
507,0.003231,4.49066,
506.9,0.003011,4.52129,
506.8,0.002842,4.54638,
506.7,0.002656,4.57577,
506.6,0.002452,4.61048,
506.5,0.002329,4.63283,
506.4,0.002221,4.65345,
506.3,0.002117,4.67428,
506.2,0.001999,4.69919,
506.1,0.001935,4.71332,
506,0.001858,4.73095,
505.9,0.001775,4.75080,
505.8,0.001643,4.78436,
505.7,0.001483,4.82886,
505.6,0.001491,4.82652,
505.5,0.001458,4.83624,
505.4,0.00136,4.86646,
505.3,0.001324,4.87811,
505.2,0.001243,4.90553,
505.1,0.001214,4.91578,
505,0.001177,4.92922,
504.9,0.00111,4.95468,
504.8,0.001095,4.96059,
504.7,0.00107,4.97062,
504.6,0.000987,5.00568,
504.5,0.000932,5.03058,
504.4,0.000894,5.04866,
504.3,0.00082,5.08619,
504.2,0.000763,5.11748,
504.1,0.000743,5.12901,
504,0.00069,5.16115,
503,0.00141,4.85187,
502,0.00135,4.86832,
501,0.00118,4.92868,
500,0.00108,4.96742,
499,0.00109,4.96186,
498,0.00109,4.96270,
497,9.96E-04,5.00182,
496,0.00107,4.96947,
495,9.00E-04,5.04564,
494,0.00103,4.98804,
493,9.35E-04,5.02911,
492,0.00104,4.98489,
491,9.14E-04,5.03919,
490,8.99E-04,5.04611,
489,9.13E-04,5.03938,
488,9.58E-04,5.01859,
487,9.30E-04,5.03146,
486,9.01E-04,5.04549,
485,8.80E-04,5.05552,
484,8.18E-04,5.08715,
483,9.29E-04,5.03206,
482,7.43E-04,5.12925,
481,7.16E-04,5.14487,
480,7.11E-04,5.14838,
479,8.44E-04,5.07364,
478,8.59E-04,5.06600,
477,9.14E-04,5.03926,
476,7.27E-04,5.13873,
475,8.80E-04,5.05573,
474,7.50E-04,5.12474,
473,6.50E-04,5.18722,
472,6.96E-04,5.15764,
471,6.84E-04,5.16506,
470,6.49E-04,5.18746,
469,4.40E-04,5.35674,
468,3.44E-04,5.46349,
467,1.86E-04,5.72951,
466,1.31E-04,5.88128,
465,1.35E-05,6.87095,
464,4.27E-05,6.36965,
463,5.23E-05,6.28140,
462,8.60E-05,6.06545,
461,1.83E-06,7.73853,
460,4.94E-05,6.30611,
459,1.80E-04,5.74541,
458,9.50E-05,6.02248,
457,1.29E-04,5.88974,
456,4.16E-05,6.38061,
455,5.71E-05,6.24333,
454,1.18E-04,5.92795,
453,1.66E-05,6.78031,
452,4.70E-05,6.32815,
451,6.17E-05,6.20964,
450,5.35E-05,6.27168,
449,2.86E-04,5.54390,
448,1.18E-04,5.92777,
447,5.29E-05,6.27692,
446,4.21E-04,5.37586,
445,2.49E-05,6.60370,
444,2.25E-04,5.64837,
443,9.11E-05,6.04043,
442,3.82E-04,5.41825,
441,5.40E-05,6.26732,
440,7.06E-05,6.15140,
439,1.43E-04,5.84545,
438,2.60E-04,5.58517,
437,8.51E-04,5.06990,
436,7.35E-04,5.13358,
435,6.22E-04,5.20640,
434,3.86E-04,5.41322,
433,1.37E-04,5.86472,
432,2.18E-05,6.66078,
431,1.74E-04,5.75861,
430,1.06E-04,5.97403,
429,2.96E-04,5.52848,
428,7.16E-05,6.14506,
427,1.59E-04,5.79878,
426,3.10E-04,5.50848,
425,6.66E-06,7.17640,
424,1.84E-04,5.73442,
423,4.05E-05,6.39215,
422,1.67E-04,5.77800,
421,6.49E-05,6.18787,
420,1.31E-04,5.88414,
419,1.12E-05,6.95050,
418,2.15E-04,5.66771,
417,1.14E-04,5.94241,
416,1.29E-05,6.89048,
415,2.18E-04,5.66080,
414,3.23E-05,6.49112,
413,4.36E-05,6.36038,
412,1.93E-04,5.71540,
411,8.98E-05,6.04685,
410,1.38E-04,5.86024,
409,7.12E-05,6.14728,
408,1.76E-05,6.75402,
407,7.00E-05,6.15490,
406,1.91E-04,5.71905,
405,3.00E-05,6.52261,
404,8.62E-05,6.06438,
403,3.17E-04,5.49877,
402,1.20E-04,5.91902,
401,5.05E-05,6.29696,
400,6.06E-05,6.21739,
399,2.58E-04,5.58826,
398,1.49E-05,6.82703,
397,4.73E-05,6.32500,
396,3.29E-04,5.48263,
395,6.77E-05,6.16952,
394,4.49E-05,6.34762,
393,3.34E-05,6.47682,
392,1.03E-04,5.98868,
391,6.44E-05,6.19117,
390,3.00E-04,5.52248,
389,4.10E-04,5.38687,
388,3.77E-04,5.42338,
387,4.64E-04,5.33315,
386,4.71E-04,5.32680,
385,6.16E-04,5.21037,
384,7.67E-04,5.11537,
383,9.15E-04,5.03869,
382,0.00188,4.72582,
381,0.00351,4.45434,
380,0.00665,4.17708,
379,0.01087,3.96391,
378,0.01448,3.83916,
377,0.01647,3.78331,
376,0.01892,3.72310,
375,0.02186,3.66033,
374,0.02429,3.61450,
373,0.02503,3.60152,
372,0.02326,3.63338,
371,0.02104,3.67702,
370,0.01803,3.74409,
369,0.01502,3.82320,
368,0.01214,3.91573,
367,0.01006,3.99748,
366,0.00813,4.08966,
365,0.00601,4.22100,
364,0.00465,4.33272,
363,0.00327,4.48589,
362,0.00192,4.71574,
361,0.00138,4.85944,
360,7.72E-04,5.11233,
359,3.68E-04,5.43431,
358,1.86E-04,5.73156,
357,1.60E-04,5.79696,
356,8.91E-06,7.05014,
355,7.06E-05,6.15093,
354,1.49E-04,5.82554,
353,2.20E-04,5.65844,
352,2.94E-04,5.53144,
351,6.10E-05,6.21443,
350,1.62E-04,5.79177,
349,8.01E-04,5.09645,
348,1.82E-04,5.73935,
347,2.23E-04,5.65167,
346,4.38E-05,6.35804,
345,3.45E-05,6.46276,
344,4.84E-05,6.31516,
343,7.13E-06,7.14673,
342,1.25E-04,5.90392,
341,5.34E-05,6.27237,
340,2.16E-05,6.66625,
339,1.86E-05,6.72947,
338,6.70E-05,6.17371,
337,7.55E-05,6.12186,
336,4.83E-07,8.31610,
335,2.90E-04,5.53733,
334,5.32E-05,6.27369,
333,1.21E-04,5.91657,
332,1.61E-04,5.79266,
331,6.66E-05,6.17625,
330,5.76E-05,6.23945,
329,7.39E-05,6.13128,
328,9.38E-05,6.02796,
327,2.79E-05,6.55486,
326,1.16E-04,5.93585,
325,9.22E-05,6.03546,
324,2.53E-04,5.59630,
323,4.94E-05,6.30595,
322,1.89E-04,5.72243,
321,2.32E-04,5.63530,
320,9.11E-05,6.04044,
319,1.64E-04,5.78506,
318,9.36E-05,6.02863,
317,5.22E-05,6.28274,
316,7.54E-05,6.12246,
315,7.94E-05,6.10015,
314,7.21E-05,6.14192,
313,1.45E-05,6.83785,
312,4.72E-06,7.32631,
311,1.22E-04,5.91465,
310,1.91E-04,5.71985,
309,1.47E-04,5.83267,
308,3.78E-04,5.42258,
307,8.10E-05,6.09158,
306,5.25E-05,6.27973,
305,2.44E-04,5.61243,
304,2.69E-04,5.56949,
303,4.15E-05,6.38211,
302,6.94E-05,6.15861,
301,1.93E-04,5.71462,
300,3.95E-05,6.40360,
299,1.87E-04,5.72790,
298,1.21E-07,8.91648,
297,1.24E-05,6.90687,
296,2.32E-04,5.63419,
295,1.66E-04,5.78018,
294,3.54E-04,5.45159,
293,2.32E-05,6.63413,
292,1.55E-05,6.80945,
291,1.67E-04,5.77681,
290,1.50E-04,5.82374,
289,2.48E-04,5.60640,
288,1.25E-05,6.90186,
287,5.93E-05,6.22696,
286,3.19E-05,6.49678,
285,2.05E-06,7.68874,
284,5.68E-06,7.24596,
283,1.27E-04,5.89606,
282,2.13E-06,7.67260,
281,9.59E-05,6.01823,
280,3.36E-05,6.47318,
279,8.97E-05,6.04733,
278,6.84E-05,6.16471,
277,1.63E-04,5.78719,
276,7.25E-05,6.13985,
275,1.02E-04,5.99299,
274,2.01E-04,5.69770,
273,4.79E-05,6.31924,
272,7.30E-05,6.13679,
271,1.43E-04,5.84572,
270,1.59E-04,5.79825,
269,2.60E-05,6.58500,
268,3.21E-04,5.49371,
267,1.27E-04,5.89625,
266,1.54E-04,5.81172,
265,1.39E-04,5.85794,
264,3.11E-05,6.50691,
263,1.92E-06,7.71665,
262,9.12E-05,6.04004,
261,9.82E-06,7.00779,
260,8.26E-05,6.08325,
259,5.33E-06,7.27340,
258,9.12E-05,6.04017,
257,6.56E-05,6.18312,
256,1.70E-04,5.77011,
255,6.33E-05,6.19844,
254,9.87E-05,6.00585,
253,2.57E-04,5.59023,
252,1.00E-04,6.00012,
251,6.68E-06,7.17496,
250,1.56E-04,5.80748,
249,1.01E-05,6.99750,
248,1.14E-04,5.94416,
247,3.90E-05,6.40929,
246,2.23E-04,5.65136,
245,8.41E-05,6.07522,
244,2.28E-05,6.64250,
243,9.97E-05,6.00128,
242,1.90E-04,5.72174,
241,3.42E-05,6.46571,
240,1.25E-04,5.90427,
239,6.20E-05,6.20760,
238,6.02E-05,6.22024,
237,1.61E-04,5.79396,
236,1.99E-05,6.70108,
235,1.30E-04,5.88578,
234,1.64E-04,5.78421,
233,7.96E-05,6.09889,
232,1.45E-05,6.83779,
231,5.33E-05,6.27355,
230,1.88E-04,5.72528,
229,1.20E-04,5.92039,
228,1.76E-04,5.75550,
227,1.43E-04,5.84369,
226,1.31E-04,5.88113,
225,8.10E-05,6.09131,
224,2.19E-04,5.65996,
223,3.60E-04,5.44395,
222,1.66E-04,5.77896,
221,3.95E-04,5.40296,
220,1.83E-04,5.73859,
219,3.03E-05,6.51841,
218,2.89E-04,5.53838,
217,1.82E-04,5.73947,
216,2.15E-04,5.66833,
215,1.05E-04,5.97753,
214,4.52E-04,5.34440,
213,1.88E-04,5.72575,
212,2.93E-04,5.53329,
211,8.52E-05,6.06952,
210,2.01E-04,5.69726,
209,1.19E-04,5.92431,
208,2.15E-04,5.66713,
207,3.25E-04,5.48826,
206,3.49E-04,5.45671,
205,1.80E-04,5.74391,
204,8.32E-05,6.08007,
203,4.62E-04,5.33574,
202,2.15E-04,5.66805,
201,2.75E-04,5.55992,
200,4.33E-04,5.36343,
