Wavelength (nm),% Transmission,,
2600,73.08506775,,
2599,73.07330322,,
2598,73.10028076,,
2597,72.87823486,,
2596,72.79705048,,
2595,72.51952362,,
2594,72.49227905,,
2593,72.20426178,,
2592,72.0221405,,
2591,71.8423996,,
2590,71.64588928,,
2589,71.49024963,,
2588,71.22745514,,
2587,71.00700378,,
2586,70.70114899,,
2585,70.49979401,,
2584,70.17468262,,
2583,69.85983276,,
2582,69.64703369,,
2581,69.50224304,,
2580,69.17341614,,
2579,69.0254364,,
2578,68.84004974,,
2577,68.67018127,,
2576,68.6083374,,
2575,68.32835388,,
2574,68.27121735,,
2573,68.08677673,,
2572,67.87886047,,
2571,67.66552734,,
2570,67.50595856,,
2569,67.35405731,,
2568,67.16894531,,
2567,66.97410583,,
2566,66.79096985,,
2565,66.45262146,,
2564,66.28961945,,
2563,66.11529541,,
2562,65.90432739,,
2561,65.55144501,,
2560,65.43615723,,
2559,65.15837097,,
2558,64.87369537,,
2557,64.83687592,,
2556,64.59764099,,
2555,64.4669342,,
2554,64.27030945,,
2553,64.18395996,,
2552,63.88853836,,
2551,63.72494125,,
2550,63.63777542,,
2549,63.40965652,,
2548,63.19420242,,
2547,63.01540756,,
2546,62.92827225,,
2545,62.67573166,,
2544,62.44714737,,
2543,62.31526566,,
2542,62.12567139,,
2541,61.98849487,,
2540,61.73533249,,
2539,61.57614517,,
2538,61.37226105,,
2537,61.12075043,,
2536,60.92469788,,
2535,60.68281555,,
2534,60.37487793,,
2533,60.13352966,,
2532,59.97185135,,
2531,59.64382935,,
2530,59.32850266,,
2529,59.05141068,,
2528,58.83887482,,
2527,58.5654068,,
2526,58.37516785,,
2525,58.08348083,,
2524,57.86330795,,
2523,57.65103531,,
2522,57.45170212,,
2521,57.15315247,,
2520,56.9885025,,
2519,56.86346436,,
2518,56.65367126,,
2517,56.37263489,,
2516,56.29296112,,
2515,56.16199493,,
2514,56.05081177,,
2513,55.94154739,,
2512,55.91650009,,
2511,55.83708954,,
2510,55.91015244,,
2509,55.94626236,,
2508,55.96590805,,
2507,55.98188782,,
2506,56.07442856,,
2505,56.15958023,,
2504,56.21616745,,
2503,56.28186035,,
2502,56.52658844,,
2501,56.49946213,,
2500,56.66846466,,
2499,56.88068771,,
2498,56.8855629,,
2497,57.03477859,,
2496,57.1676178,,
2495,57.3054657,,
2494,57.3605423,,
2493,57.48085785,,
2492,57.60455704,,
2491,57.70339966,,
2490,57.8115921,,
2489,57.97488022,,
2488,58.09513855,,
2487,58.23809433,,
2486,58.36500549,,
2485,58.52696228,,
2484,58.55500793,,
2483,58.795578,,
2482,58.85307312,,
2481,58.85007858,,
2480,58.88796997,,
2479,58.87334442,,
2478,58.73986053,,
2477,58.70490646,,
2476,58.56464005,,
2475,58.4324646,,
2474,58.16474533,,
2473,58.00494003,,
2472,57.70042038,,
2471,57.48591614,,
2470,57.26716614,,
2469,57.01094437,,
2468,56.71430206,,
2467,56.45567322,,
2466,56.28688812,,
2465,56.06330109,,
2464,55.98069,,
2463,56.03047562,,
2462,56.11732483,,
2461,56.14203644,,
2460,56.55692291,,
2459,56.85260391,,
2458,57.22499084,,
2457,57.88698959,,
2456,58.34910202,,
2455,58.93994522,,
2454,59.44755554,,
2453,60.09506607,,
2452,60.63195419,,
2451,61.27573395,,
2450,61.86700439,,
2449,62.45619583,,
2448,63.12928009,,
2447,63.69287872,,
2446,64.3744812,,
2445,64.95886993,,
2444,65.6386261,,
2443,66.14510345,,
2442,66.73034668,,
2441,67.32141113,,
2440,67.65792084,,
2439,68.06571198,,
2438,68.49372864,,
2437,68.85739899,,
2436,69.03035736,,
2435,69.32455444,,
2434,69.60007477,,
2433,69.73049927,,
2432,69.90672302,,
2431,70.05635834,,
2430,70.17292786,,
2429,70.20832062,,
2428,70.26451111,,
2427,70.3258667,,
2426,70.40956879,,
2425,70.29229736,,
2424,70.31777191,,
2423,70.15937805,,
2422,70.16881561,,
2421,70.03766632,,
2420,69.89711761,,
2419,69.78207397,,
2418,69.5524292,,
2417,69.30802155,,
2416,69.04253387,,
2415,68.83260345,,
2414,68.50292206,,
2413,68.33109283,,
2412,68.06276703,,
2411,67.59020996,,
2410,67.24815369,,
2409,66.83410645,,
2408,66.43025208,,
2407,66.0402832,,
2406,65.6307373,,
2405,65.16229248,,
2404,64.79417419,,
2403,64.59313965,,
2402,64.2602005,,
2401,64.02728271,,
2400,63.80360794,,
2399,63.5462265,,
2398,63.32154846,,
2397,63.21982193,,
2396,62.98090744,,
2395,62.83126068,,
2394,62.67628098,,
2393,62.46064377,,
2392,62.22507858,,
2391,62.13331985,,
2390,61.88449097,,
2389,61.68356705,,
2388,61.49758148,,
2387,61.28448868,,
2386,61.04582596,,
2385,60.89431763,,
2384,60.71372604,,
2383,60.48842239,,
2382,60.30185699,,
2381,60.11553955,,
2380,59.90101624,,
2379,59.67948914,,
2378,59.39175415,,
2377,59.10664749,,
2376,58.93501663,,
2375,58.556633,,
2374,58.28038025,,
2373,58.08318329,,
2372,57.84989548,,
2371,57.56264877,,
2370,57.27539825,,
2369,57.05868149,,
2368,56.82476807,,
2367,56.62072754,,
2366,56.49665451,,
2365,56.19111633,,
2364,56.16706467,,
2363,55.93218231,,
2362,55.81790161,,
2361,55.79549026,,
2360,55.68745804,,
2359,55.56884003,,
2358,55.44233322,,
2357,55.38913727,,
2356,55.26734161,,
2355,55.19662476,,
2354,55.0214119,,
2353,54.95183945,,
2352,54.88817596,,
2351,54.7700882,,
2350,54.75569916,,
2349,54.79039383,,
2348,54.74463272,,
2347,54.76341248,,
2346,54.76990891,,
2345,54.77604294,,
2344,54.8401413,,
2343,54.90021515,,
2342,54.91474152,,
2341,55.04511642,,
2340,55.0670166,,
2339,55.12010574,,
2338,55.10477448,,
2337,55.19360733,,
2336,55.18110275,,
2335,55.10276031,,
2334,55.20122528,,
2333,55.08959198,,
2332,55.05405045,,
2331,55.06721115,,
2330,54.95851135,,
2329,54.94423676,,
2328,54.96524429,,
2327,54.83356857,,
2326,54.72697449,,
2325,54.73328781,,
2324,54.62648773,,
2323,54.47670364,,
2322,54.34101868,,
2321,54.18315125,,
2320,53.95960236,,
2319,53.87998962,,
2318,53.73400879,,
2317,53.76305008,,
2316,53.82413101,,
2315,53.9597168,,
2314,54.13392639,,
2313,54.56848907,,
2312,54.87873459,,
2311,55.28108978,,
2310,55.71575165,,
2309,56.26222992,,
2308,56.68096542,,
2307,57.14572144,,
2306,57.55416107,,
2305,57.98347092,,
2304,58.459198,,
2303,58.78656006,,
2302,59.29550934,,
2301,59.71957016,,
2300,60.15959549,,
2299,60.6137352,,
2298,61.10497665,,
2297,61.51946259,,
2296,62.04161072,,
2295,62.55275726,,
2294,62.96954346,,
2293,63.4165535,,
2292,63.91643143,,
2291,64.28731537,,
2290,64.65887451,,
2289,65.08390045,,
2288,65.4004364,,
2287,65.86135864,,
2286,66.1672821,,
2285,66.52354431,,
2284,66.81156921,,
2283,67.0542984,,
2282,67.32481384,,
2281,67.54581451,,
2280,67.69165039,,
2279,67.82443237,,
2278,68.02495575,,
2277,68.13481903,,
2276,68.11767578,,
2275,68.19982147,,
2274,68.52432251,,
2273,68.59069824,,
2272,68.84446716,,
2271,69.16788483,,
2270,69.48678589,,
2269,69.78541565,,
2268,70.15908051,,
2267,70.50598907,,
2266,70.81210327,,
2265,71.14453125,,
2264,71.425354,,
2263,71.69491577,,
2262,71.92433167,,
2261,72.19548035,,
2260,72.35855103,,
2259,72.45404816,,
2258,72.63330078,,
2257,72.71446991,,
2256,72.79449463,,
2255,72.74221039,,
2254,72.73566437,,
2253,72.81681061,,
2252,72.62717438,,
2251,72.59021759,,
2250,72.4021759,,
2249,72.27005005,,
2248,72.08410645,,
2247,71.848526,,
2246,71.78561401,,
2245,71.40412903,,
2244,71.09650421,,
2243,70.81652069,,
2242,70.57764435,,
2241,70.25455475,,
2240,69.92808533,,
2239,69.50976563,,
2238,69.20300293,,
2237,68.82154846,,
2236,68.50999451,,
2235,68.1410675,,
2234,67.79679871,,
2233,67.35694122,,
2232,67.17680359,,
2231,66.81819916,,
2230,66.51948547,,
2229,66.27632141,,
2228,66.02226257,,
2227,65.7527771,,
2226,65.50157928,,
2225,65.27654266,,
2224,65.05204773,,
2223,64.88371277,,
2222,64.66395569,,
2221,64.50999451,,
2220,64.17782593,,
2219,64.0381012,,
2218,63.87228394,,
2217,63.62669373,,
2216,63.49996948,,
2215,63.33880615,,
2214,63.12733841,,
2213,63.11679077,,
2212,62.92912292,,
2211,62.86191177,,
2210,62.72379303,,
2209,62.67470169,,
2208,62.646492,,
2207,62.71183395,,
2206,62.70436096,,
2205,62.76076508,,
2204,62.77571869,,
2203,62.90924072,,
2202,62.98248291,,
2201,63.05000687,,
2200,63.159729,,
2199,63.23535919,,
2198,63.40622711,,
2197,63.56838989,,
2196,63.70568848,,
2195,63.85060501,,
2194,64.07120514,,
2193,64.19112396,,
2192,64.46546173,,
2191,64.66303253,,
2190,64.9937973,,
2189,65.29079437,,
2188,65.56866455,,
2187,65.9737854,,
2186,66.43134308,,
2185,66.84767914,,
2184,67.2483139,,
2183,67.66159058,,
2182,68.20276642,,
2181,68.57565308,,
2180,69.01948547,,
2179,69.55388641,,
2178,69.98555756,,
2177,70.44071198,,
2176,70.79722595,,
2175,71.20212555,,
2174,71.5556488,,
2173,71.85786438,,
2172,72.06325531,,
2171,72.32048035,,
2170,72.41621399,,
2169,72.61083984,,
2168,72.63942719,,
2167,72.89427185,,
2166,73.02083588,,
2165,73.22846985,,
2164,73.6424942,,
2163,73.96546173,,
2162,74.4960556,,
2161,75.10027313,,
2160,75.62065887,,
2159,76.44264984,,
2158,77.11657715,,
2157,77.87644196,,
2156,78.49184418,,
2155,79.18300629,,
2154,79.78285217,,
2153,80.26126862,,
2152,80.80500031,,
2151,81.21374512,,
2150,81.48356628,,
2149,81.8374176,,
2148,81.90690613,,
2147,82.07107544,,
2146,82.03407288,,
2145,81.90834808,,
2144,81.70129395,,
2143,81.43848419,,
2142,81.12297821,,
2141,80.83919525,,
2140,80.42892456,,
2139,80.02767944,,
2138,79.59488678,,
2137,79.3265686,,
2136,78.8963089,,
2135,78.64596558,,
2134,78.35883331,,
2133,78.10983276,,
2132,78.01473999,,
2131,77.74038696,,
2130,77.60419464,,
2129,77.39250183,,
2128,76.98435211,,
2127,76.66204071,,
2126,76.25489044,,
2125,75.74460602,,
2124,75.15132904,,
2123,74.71498871,,
2122,74.13335419,,
2121,73.58423615,,
2120,72.9465332,,
2119,72.37979889,,
2118,71.80158997,,
2117,71.14273071,,
2116,70.58013916,,
2115,69.90244293,,
2114,69.34207916,,
2113,68.67150116,,
2112,68.13658142,,
2111,67.51786804,,
2110,67.03037262,,
2109,66.55856323,,
2108,65.92485046,,
2107,65.42972565,,
2106,64.92832184,,
2105,64.4172287,,
2104,63.96418381,,
2103,63.47052383,,
2102,63.09779739,,
2101,62.63755035,,
2100,62.27360916,,
2099,61.85299301,,
2098,61.47925186,,
2097,61.26135635,,
2096,60.87405014,,
2095,60.64406586,,
2094,60.37176895,,
2093,60.23648453,,
2092,59.99763107,,
2091,59.87679291,,
2090,59.72962952,,
2089,59.6490097,,
2088,59.54014587,,
2087,59.40473557,,
2086,59.45370102,,
2085,59.43365097,,
2084,59.47598267,,
2083,59.6078949,,
2082,59.6388092,,
2081,59.83434296,,
2080,59.83685303,,
2079,60.04429626,,
2078,60.30622864,,
2077,60.49783325,,
2076,60.85443497,,
2075,61.06469727,,
2074,61.36097336,,
2073,61.75256348,,
2072,62.1235199,,
2071,62.53512955,,
2070,62.9124527,,
2069,63.43559647,,
2068,63.85731506,,
2067,64.33866119,,
2066,64.86846924,,
2065,65.48182678,,
2064,65.99333191,,
2063,66.59366608,,
2062,67.2072525,,
2061,67.86142731,,
2060,68.5239563,,
2059,69.3026886,,
2058,69.94432068,,
2057,70.63600159,,
2056,71.45754242,,
2055,72.21955872,,
2054,72.972435,,
2053,73.84714508,,
2052,74.57056427,,
2051,75.34339142,,
2050,76.15466309,,
2049,77.06262207,,
2048,77.81744385,,
2047,78.64143372,,
2046,79.41562653,,
2045,80.23220825,,
2044,81.06200409,,
2043,81.75421143,,
2042,82.52628326,,
2041,83.13549805,,
2040,83.90583038,,
2039,84.56549835,,
2038,84.99081421,,
2037,85.62471008,,
2036,86.15782166,,
2035,86.569664,,
2034,86.98277283,,
2033,87.28437042,,
2032,87.474617,,
2031,87.63950348,,
2030,87.71057129,,
2029,87.71938324,,
2028,87.71092224,,
2027,87.54479218,,
2026,87.45471954,,
2025,87.13580322,,
2024,86.86589813,,
2023,86.48309326,,
2022,86.12335205,,
2021,85.67876434,,
2020,84.99217224,,
2019,84.49062347,,
2018,83.80039978,,
2017,83.19828796,,
2016,82.39866638,,
2015,81.7075119,,
2014,80.86315155,,
2013,80.03569031,,
2012,79.2366333,,
2011,78.32501984,,
2010,77.40275574,,
2009,76.49684906,,
2008,75.62566376,,
2007,74.78224945,,
2006,73.81941986,,
2005,72.96983337,,
2004,72.0736084,,
2003,71.13562012,,
2002,70.31871796,,
2001,69.41954041,,
2000,68.58966064,,
1999,67.80556488,,
1998,67.03056335,,
1997,66.2269516,,
1996,65.49502563,,
1995,64.85359192,,
1994,64.11326599,,
1993,63.49144745,,
1992,62.89631653,,
1991,62.32852173,,
1990,61.70698929,,
1989,61.2502861,,
1988,60.75430679,,
1987,60.31924438,,
1986,59.85940552,,
1985,59.46105576,,
1984,59.11067581,,
1983,58.79590607,,
1982,58.58443451,,
1981,58.30343246,,
1980,58.06574249,,
1979,57.87371445,,
1978,57.73143005,,
1977,57.66436386,,
1976,57.63928223,,
1975,57.57604218,,
1974,57.64957047,,
1973,57.64587402,,
1972,57.79445267,,
1971,57.93529892,,
1970,58.14131546,,
1969,58.31866455,,
1968,58.6241188,,
1967,58.84223557,,
1966,59.16333771,,
1965,59.57582474,,
1964,59.99158096,,
1963,60.4453392,,
1962,60.90683365,,
1961,61.50441742,,
1960,62.10279465,,
1959,62.74949265,,
1958,63.43807983,,
1957,64.13713074,,
1956,64.87213135,,
1955,65.73699951,,
1954,66.62365723,,
1953,67.43749237,,
1952,68.44950104,,
1951,69.28142548,,
1950,70.28607178,,
1949,71.27705383,,
1948,72.27132416,,
1947,73.32846832,,
1946,74.51889038,,
1945,75.48899078,,
1944,76.60092926,,
1943,77.65447998,,
1942,78.76489258,,
1941,79.91238403,,
1940,80.90562439,,
1939,82.08143616,,
1938,82.89911652,,
1937,83.99600983,,
1936,84.80776215,,
1935,85.75,,
1934,86.53938293,,
1933,87.18135071,,
1932,87.93031311,,
1931,88.56374359,,
1930,89.01335907,,
1929,89.36512756,,
1928,89.48734283,,
1927,89.74645996,,
1926,89.62169647,,
1925,89.474617,,
1924,89.25300598,,
1923,88.82904053,,
1922,88.4852829,,
1921,87.80630493,,
1920,87.04573059,,
1919,86.16768646,,
1918,85.1077652,,
1917,84.22644043,,
1916,83.26395416,,
1915,82.10232544,,
1914,80.71502686,,
1913,79.67708588,,
1912,78.28665161,,
1911,77.02294159,,
1910,75.63171387,,
1909,74.42562866,,
1908,73.08355713,,
1907,71.70575714,,
1906,70.37785339,,
1905,69.06044006,,
1904,67.85329437,,
1903,66.61859894,,
1902,65.35652924,,
1901,64.2251358,,
1900,63.02996826,,
1899,61.93178177,,
1898,60.8290863,,
1897,59.9782753,,
1896,58.93681717,,
1895,58.06678009,,
1894,57.15712357,,
1893,56.44109726,,
1892,55.58332825,,
1891,54.90833664,,
1890,54.14664841,,
1889,53.58504105,,
1888,52.99446487,,
1887,52.50506973,,
1886,52.0709877,,
1885,51.61946487,,
1884,51.25871277,,
1883,50.88082123,,
1882,50.66111755,,
1881,50.50135803,,
1880,50.32389069,,
1879,50.19219971,,
1878,50.09749985,,
1877,50.06170273,,
1876,50.15438843,,
1875,50.20626831,,
1874,50.38011169,,
1873,50.52287674,,
1872,50.83606339,,
1871,51.05298233,,
1870,51.52558517,,
1869,51.9546814,,
1868,52.40048218,,
1867,52.93969345,,
1866,53.49688721,,
1865,54.1960907,,
1864,54.81258011,,
1863,55.62713623,,
1862,56.30609512,,
1861,57.28985214,,
1860,58.1868248,,
1859,59.28124237,,
1858,60.2710495,,
1857,61.51071167,,
1856,62.72548294,,
1855,63.91623688,,
1854,65.20468903,,
1853,66.59896088,,
1852,68.02350616,,
1851,69.48238373,,
1850,70.82616425,,
1849,72.28273773,,
1848,73.88154602,,
1847,75.48344421,,
1846,77.03659821,,
1845,78.39853668,,
1844,79.82067871,,
1843,81.16160583,,
1842,82.63378906,,
1841,83.97738647,,
1840,85.16836548,,
1839,86.18824768,,
1838,87.10960388,,
1837,87.85886383,,
1836,88.54374695,,
1835,88.93354034,,
1834,89.16011047,,
1833,89.24887085,,
1832,89.04801941,,
1831,88.85262299,,
1830,88.13459015,,
1829,87.40824127,,
1828,86.41546631,,
1827,85.46923065,,
1826,84.25395966,,
1825,82.88292694,,
1824,81.36374664,,
1823,79.87672424,,
1822,78.4599762,,
1821,76.69000244,,
1820,74.92745972,,
1819,73.25098419,,
1818,71.51580048,,
1817,69.84820557,,
1816,68.24904633,,
1815,66.62627411,,
1814,65.03672028,,
1813,63.47647858,,
1812,61.94958115,,
1811,60.49805832,,
1810,59.25450897,,
1809,57.93099213,,
1808,56.79114914,,
1807,55.56544113,,
1806,54.50325012,,
1805,53.403759,,
1804,52.44963837,,
1803,51.65369415,,
1802,50.79178238,,
1801,50.14675903,,
1800,49.47716522,,
1799,48.88613129,,
1798,48.33305359,,
1797,47.8799057,,
1796,47.57133865,,
1795,47.23174286,,
1794,47.0496254,,
1793,46.79587936,,
1792,46.68983841,,
1791,46.62583542,,
1790,46.66457367,,
1789,46.8112793,,
1788,46.930439,,
1787,47.2324295,,
1786,47.56600571,,
1785,47.9398613,,
1784,48.44284058,,
1783,48.93281174,,
1782,49.54788208,,
1781,50.21599579,,
1780,51.04277039,,
1779,51.87592316,,
1778,52.78552628,,
1777,53.8302536,,
1776,54.94429398,,
1775,56.10624695,,
1774,57.39328766,,
1773,58.78059387,,
1772,60.26615906,,
1771,61.84348297,,
1770,63.44989014,,
1769,65.17780304,,
1768,66.93829346,,
1767,68.91838074,,
1766,70.74591827,,
1765,72.67751312,,
1764,74.62007141,,
1763,76.53767395,,
1762,78.60157776,,
1761,80.42786407,,
1760,82.1339798,,
1759,83.86433411,,
1758,85.18487549,,
1757,86.4776535,,
1756,87.38156891,,
1755,87.96486664,,
1754,88.32208252,,
1753,88.30439758,,
1752,88.04412842,,
1751,87.34064484,,
1750,86.50512695,,
1749,85.22983551,,
1748,83.48612213,,
1747,81.83031464,,
1746,79.92663574,,
1745,77.61151123,,
1744,75.39530182,,
1743,73.11152649,,
1742,70.64564514,,
1741,68.26656342,,
1740,65.87620544,,
1739,63.59122467,,
1738,61.39761353,,
1737,59.25180435,,
1736,57.18483734,,
1735,55.22229004,,
1734,53.38433456,,
1733,51.66562271,,
1732,50.11784363,,
1731,48.56773376,,
1730,47.21365356,,
1729,45.85003662,,
1728,44.66529465,,
1727,43.56964111,,
1726,42.54151154,,
1725,41.62179565,,
1724,40.79238892,,
1723,40.0341568,,
1722,39.37676239,,
1721,38.80596924,,
1720,38.37269592,,
1719,38.01155853,,
1718,37.6906929,,
1717,37.47871399,,
1716,37.32826614,,
1715,37.26448441,,
1714,37.31713104,,
1713,37.40169907,,
1712,37.61212921,,
1711,37.80468369,,
1710,38.17523193,,
1709,38.58708191,,
1708,39.11151886,,
1707,39.66261292,,
1706,40.33308411,,
1705,41.10636902,,
1704,42.03794098,,
1703,43.06759644,,
1702,44.24551392,,
1701,45.47490692,,
1700,46.86252213,,
1699,48.49302292,,
1698,50.20450974,,
1697,52.23123932,,
1696,54.41483688,,
1695,56.61330414,,
1694,59.0582962,,
1693,61.48788452,,
1692,64.09480286,,
1691,66.72680664,,
1690,69.50769043,,
1689,72.36233521,,
1688,75.08250427,,
1687,77.73635101,,
1686,80.35984039,,
1685,82.56060791,,
1684,84.62231445,,
1683,86.12802887,,
1682,87.15031433,,
1681,87.5428772,,
1680,87.37520599,,
1679,86.57981873,,
1678,85.00645447,,
1677,82.83261108,,
1676,80.23033905,,
1675,77.46632385,,
1674,74.38034058,,
1673,71.10676575,,
1672,67.80097198,,
1671,64.31858826,,
1670,61.19431686,,
1669,58.09935379,,
1668,55.32151031,,
1667,52.52968216,,
1666,50.14063644,,
1665,47.81043625,,
1664,45.64527512,,
1663,43.72758102,,
1662,41.985466,,
1661,40.34928513,,
1660,38.8218689,,
1659,37.46144867,,
1658,36.15518188,,
1657,35.07843018,,
1656,34.09006882,,
1655,33.17962265,,
1654,32.43211365,,
1653,31.71429062,,
1652,31.1142292,,
1651,30.62744713,,
1650,30.25949287,,
1649,30.0029583,,
1648,29.79463577,,
1647,29.69027138,,
1646,29.69397545,,
1645,29.81934547,,
1644,30.03394318,,
1643,30.3163147,,
1642,30.74634933,,
1641,31.24244881,,
1640,31.86128235,,
1639,32.67835617,,
1638,33.59577942,,
1637,34.56855011,,
1636,35.75944901,,
1635,37.11415863,,
1634,38.62603378,,
1633,40.3920784,,
1632,42.43133545,,
1631,44.62955475,,
1630,47.07542038,,
1629,49.8587532,,
1628,52.84845734,,
1627,56.12642288,,
1626,59.81503677,,
1625,63.72587204,,
1624,67.68389893,,
1623,71.71762848,,
1622,75.88346863,,
1621,79.90317535,,
1620,83.49279022,,
1619,86.62799835,,
1618,88.8518219,,
1617,90.01218414,,
1616,90.11844635,,
1615,89.01831818,,
1614,86.87582397,,
1613,83.51239777,,
1612,79.41560364,,
1611,75.04923248,,
1610,70.40930176,,
1609,65.63931274,,
1608,61.00675583,,
1607,56.53371811,,
1606,52.4114418,,
1605,48.72170258,,
1604,45.28946686,,
1603,42.21150208,,
1602,39.44401169,,
1601,36.92494202,,
1600,34.65948868,,
1599,32.74233246,,
1598,31.03841019,,
1597,29.53941536,,
1596,28.19538498,,
1595,27.11752701,,
1594,26.11301231,,
1593,25.2617569,,
1592,24.60248566,,
1591,24.01599884,,
1590,23.53392982,,
1589,23.20140839,,
1588,22.95515633,,
1587,22.79615021,,
1586,22.79186249,,
1585,22.89607048,,
1584,23.09031105,,
1583,23.43409729,,
1582,23.88806725,,
1581,24.52378082,,
1580,25.2455349,,
1579,26.19150543,,
1578,27.30680466,,
1577,28.59832001,,
1576,30.12024689,,
1575,32.04327393,,
1574,34.25450897,,
1573,36.69300842,,
1572,39.66350937,,
1571,43.08804703,,
1570,47.05160522,,
1569,51.5462265,,
1568,56.77038574,,
1567,62.27325058,,
1566,68.22340393,,
1565,74.2820282,,
1564,79.98825836,,
1563,84.799263,,
1562,88.4034729,,
1561,89.61992645,,
1560,88.39045715,,
1559,85.08876801,,
1558,79.83771515,,
1557,73.60336304,,
1556,66.39319611,,
1555,59.3432312,,
1554,53.05830383,,
1553,47.10591888,,
1552,41.88904953,,
1551,37.38092422,,
1550,33.45187759,,
1549,30.0503006,,
1548,27.17468452,,
1547,24.86059952,,
1546,22.76032639,,
1545,21.05666924,,
1544,19.59666824,,
1543,18.32901764,,
1542,17.29963112,,
1541,16.43696785,,
1540,15.73043346,,
1539,15.15992546,,
1538,14.72319031,,
1537,14.38338947,,
1536,14.14287567,,
1535,14.02734184,,
1534,13.99584961,,
1533,14.09701538,,
1532,14.3014431,,
1531,14.62137985,,
1530,15.09207344,,
1529,15.70633698,,
1528,16.46288109,,
1527,17.48054314,,
1526,18.70956802,,
1525,20.22354126,,
1524,22.239851,,
1523,24.69278336,,
1522,27.71277046,,
1521,31.45333481,,
1520,36.11022949,,
1519,41.89588547,,
1518,49.05035782,,
1517,57.70234299,,
1516,67.05500793,,
1515,76.28466797,,
1514,83.60740662,,
1513,86.50514221,,
1512,84.04712677,,
1511,76.34319305,,
1510,65.9108963,,
1509,55.77624893,,
1508,46.18301392,,
1507,38.13902664,,
1506,31.53338432,,
1505,26.15977478,,
1504,21.99328232,,
1503,18.73274612,,
1502,16.26771355,,
1501,14.21021557,,
1500,12.61813354,,
1499,11.33257484,,
1498,10.25758648,,
1497,9.428664207,,
1496,8.768761635,,
1495,8.249423027,,
1494,7.825394154,,
1493,7.524400234,,
1492,7.319001198,,
1491,7.211627007,,
1490,7.188325405,,
1489,7.26237154,,
1488,7.425437927,,
1487,7.709042072,,
1486,8.128762245,,
1485,8.723459244,,
1484,9.528248787,,
1483,10.54782486,,
1482,11.99985027,,
1481,13.92517376,,
1480,16.62652397,,
1479,20.57538033,,
1478,26.11506653,,
1477,33.87926865,,
1476,45.09192276,,
1475,59.59740448,,
1474,73.74316406,,
1473,79.55651855,,
1472,70.61327362,,
1471,54.66136169,,
1470,39.17901993,,
1469,27.76955414,,
1468,20.12812042,,
1467,14.96658897,,
1466,11.36217785,,
1465,8.905680656,,
1464,7.26125145,,
1463,5.97083807,,
1462,5.048201084,,
1461,4.349921227,,
1460,3.855593204,,
1459,3.47203207,,
1458,3.102620363,,
1457,2.831518173,,
1456,2.645974874,,
1455,2.542846203,,
1454,2.519924641,,
1453,2.58881402,,
1452,2.786447287,,
1451,3.229881048,,
1450,3.937402248,,
1449,5.075200081,,
1448,5.90599966,,
1447,7.813371181,,
1446,10.63059235,,
1445,14.60867119,,
1444,21.70417023,,
1443,32.63291168,,
1442,46.12773514,,
1441,46.50370789,,
1440,30.13331032,,
1439,17.1745472,,
1438,10.46392727,,
1437,7.001878262,,
1436,5.098845959,,
1435,4.071558475,,
1434,2.745574713,,
1433,1.935899019,,
1432,1.143629074,,
1431,0.709752679,,
1430,0.484427303,,
1429,0.364389956,,
1428,0.286864221,,
1427,0.237578154,,
1426,0.206401527,,
1425,0.185204655,,
1424,0.174688101,,
1423,0.177437544,,
1422,0.246390373,,
1421,0.472758532,,
1420,0.775481284,,
1419,1.095318198,,
1418,1.436001778,,
1417,1.769822836,,
1416,2.102202177,,
1415,2.434215069,,
1414,2.700966835,,
1413,2.690163136,,
1412,2.44666028,,
1411,2.116747856,,
1410,1.776969075,,
1409,1.411461949,,
1408,1.052202106,,
1407,0.713350952,,
1406,0.377757728,,
1405,0.134965465,,
1404,0.04413354,,
1403,0.016200354,,
1402,0.00702529,,
1401,0.004138191,,
1400,0.002907056,,
1399,0.002172219,,
1398,0.001603404,,
1397,0.001239331,,
1396,0.000992046,,
1395,0.000819366,,
1394,0.000682795,,
1393,0.000605616,,
1392,0.000565515,,
1391,0.000557731,,
1390,0.00044852,,
1389,0.000443964,,
1388,0.000420564,,
1387,0.000394759,,
1386,0.000459319,,
1385,0.000363831,,
1384,0.000360249,,
1383,0.000356996,,
1382,0.000374638,,
1381,0.000383194,,
1380,0.000393868,,
1379,0.000371522,,
1378,0.000314738,,
1377,0.000426849,,
1376,0.000300702,,
1375,0.000409804,,
1374,0.000326451,,
1373,0.000368775,,
1372,0.00036422,,
1371,0.000332477,,
1370,0.000304738,,
1369,0.000382346,,
1368,0.00029044,,
1367,0.000290346,,
1366,0.000308218,,
1365,0.00030736,,
1364,0.000273514,,
1363,0.000314203,,
1362,0.000230181,,
1361,0.000292371,,
1360,0.000306796,,
1359,0.00037042,,
1358,0.000323352,,
1357,0.000304176,,
1356,0.000331348,,
1355,0.000354914,,
1354,0.000297568,,
1353,0.000363343,,
1352,0.000304266,,
1351,0.000349821,,
1350,0.000319767,,
1349,0.000373055,,
1348,0.00032836,,
1347,0.000342719,,
1346,0.00038591,,
1345,0.000398678,,
1344,0.000287403,,
1343,0.000343275,,
1342,0.000298463,,
1341,0.000302237,,
1340,0.00032395,,
1339,0.000385342,,
1338,0.000353616,,
1337,0.000410224,,
1336,0.000314737,,
1335,0.000321234,,
1334,0.000337303,,
1333,0.000362828,,
1332,0.000395585,,
1331,0.000303397,,
1330,0.00033712,,
1329,0.000271413,,
1328,0.000351995,,
1327,0.000388956,,
1326,0.000264106,,
1325,0.000388124,,
1324,0.000279976,,
1323,0.000380167,,
1322,0.000384149,,
1321,0.000366577,,
1320,0.000336817,,
1319,0.000392954,,
1318,0.000268822,,
1317,0.000334424,,
1316,0.000318955,,
1315,0.000345198,,
1314,0.000324939,,
1313,0.000342218,,
1312,0.000376712,,
1311,0.000334825,,
1310,0.000363428,,
1309,0.000399808,,
1308,0.000329874,,
1307,0.000401585,,
1306,0.000292818,,
1305,0.00033181,,
1304,0.000285043,,
1303,0.000456949,,
1302,0.000407888,,
1301,0.00032048,,
1300,0.000337526,,
1299,0.000299789,,
1298,0.000357447,,
1297,0.00037632,,
1296,0.000346844,,
1295,0.000342794,,
1294,0.000378715,,
1293,0.000316627,,
1292,0.000377248,,
1291,0.000320094,,
1290,0.000422865,,
1289,0.000364474,,
1288,0.000461637,,
1287,0.000307047,,
1286,0.000303685,,
1285,0.000326494,,
1284,0.000458472,,
1283,0.000271146,,
1282,0.000337266,,
1281,0.000359452,,
1280,0.000330956,,
1279,0.000304261,,
1278,0.000317314,,
1277,0.000375912,,
1276,0.000399549,,
1275,0.000374279,,
1274,0.000344999,,
1273,0.000387917,,
1272,0.000335121,,
1271,0.000353374,,
1270,0.000325348,,
1269,0.000314344,,
1268,0.000361424,,
1267,0.000318878,,
1266,0.00028228,,
1265,0.000376958,,
1264,0.000294753,,
1263,0.00035282,,
1262,0.000471535,,
1261,0.000368448,,
1260,0.000390065,,
1259,0.000340033,,
1258,0.00037873,,
1257,0.000322834,,
1256,0.000308568,,
1255,0.000360935,,
1254,0.00033216,,
1253,0.000272503,,
1252,0.000323368,,
1251,0.000327092,,
1250,0.000351093,,
1249,0.000397312,,
1248,0.000350239,,
1247,0.000311829,,
1246,0.000359709,,
1245,0.000389181,,
1244,0.00034187,,
1243,0.000329414,,
1242,0.000337106,,
1241,0.000372547,,
1240,0.000388127,,
1239,0.000393188,,
1238,0.000312634,,
1237,0.000364968,,
1236,0.00030896,,
1235,0.000342243,,
1234,0.00024278,,
1233,0.000316312,,
1232,0.00034072,,
1231,0.000377107,,
1230,0.000389195,,
1229,0.00028053,,
1228,0.000375562,,
1227,0.000371297,,
1226,0.000294329,,
1225,0.000369869,,
1224,0.000400867,,
1223,0.000329563,,
1222,0.000337601,,
1221,0.00039391,,
1220,0.000397731,,
1219,0.000396211,,
1218,0.000344214,,
1217,0.000326886,,
1216,0.00033412,,
1215,0.000400582,,
1214,0.000405015,,
1213,0.00035214,,
1212,0.000336491,,
1211,0.000294255,,
1210,0.000311009,,
1209,0.000317652,,
1208,0.000384352,,
1207,0.000337383,,
1206,0.000390403,,
1205,0.000349312,,
1204,0.000369254,,
1203,0.00032021,,
1202,0.000397928,,
1201,0.000360561,,
1200,0.000316228,,
1199,0.00050345,,
1198,0.000509923,,
1197,0.000296487,,
1196,0.000436898,,
1195,0.000485384,,
1194,0.000384988,,
1193,0.000396629,,
1192,0.000339603,,
1191,0.000364541,,
1190,0.000352415,,
1189,0.00035097,,
1188,0.000333694,,
1187,0.00037023,,
1186,0.000322584,,
1185,0.00035212,,
1184,0.000271141,,
1183,0.000406586,,
1182,0.000315258,,
1181,0.000358041,,
1180,0.000424458,,
1179,0.00032114,,
1178,0.000300891,,
1177,0.000356551,,
1176,0.000483159,,
1175,0.00031324,,
1174,0.000377127,,
1173,0.00037111,,
1172,0.000295303,,
1171,0.000309151,,
1170,0.000300517,,
1169,0.000323189,,
1168,0.000320928,,
1167,0.000405228,,
1166,0.000432502,,
1165,0.000383576,,
1164,0.000316748,,
1163,0.000361725,,
1162,0.000320013,,
1161,0.000386941,,
1160,0.00033244,,
1159,0.000315478,,
1158,0.000299652,,
1157,0.000384972,,
1156,0.000406166,,
1155,0.000322704,,
1154,0.000258284,,
1153,0.000327038,,
1152,0.000410003,,
1151,0.000429862,,
1150,0.000283782,,
1149,0.000287404,,
1148,0.00039013,,
1147,0.00041427,,
1146,0.00039213,,
1145,0.00029809,,
1144,0.00035398,,
1143,0.000457733,,
1142,0.000333311,,
1141,0.000379034,,
1140,0.000262247,,
1139,0.000300531,,
1138,0.000376929,,
1137,0.000396143,,
1136,0.000384729,,
1135,0.000400546,,
1134,0.000374186,,
1133,0.000453045,,
1132,0.00033955,,
1131,0.000352944,,
1130,0.000404328,,
1129,0.000421777,,
1128,0.000349092,,
1127,0.000304717,,
1126,0.000445519,,
1125,0.000259791,,
1124,0.000414128,,
1123,0.000358697,,
1122,0.000304694,,
1121,0.000367146,,
1120,0.000325722,,
1119,0.000309246,,
1118,0.000370426,,
1117,0.000297721,,
1116,0.000306976,,
1115,0.000295645,,
1114,0.000378965,,
1113,0.000300725,,
1112,0.000391787,,
1111,0.000409894,,
1110,0.000411331,,
1109,0.000460373,,
1108,0.000310561,,
1107,0.000324336,,
1106,0.00034201,,
1105,0.00034651,,
1104,0.000379036,,
1103,0.000394652,,
1102,0.000365574,,
1101,0.000377407,,
1100,0.00034513,,
1099,0.000414001,,
1098,0.000316596,,
1097,0.00038961,,
1096,0.000482815,,
1095,0.000369547,,
1094,0.000371081,,
1093,0.000387741,,
1092,0.000382171,,
1091,0.000359495,,
1090,0.000367549,,
1089,0.000392725,,
1088,0.000405278,,
1087,0.000411034,,
1086,0.00033285,,
1085,0.000371199,,
1084,0.000350323,,
1083,0.000365948,,
1082,0.000384314,,
1081,0.000320086,,
1080,0.000375959,,
1079,0.00043802,,
1078,0.000410794,,
1077,0.000423132,,
1076,0.000391767,,
1075,0.000414109,,
1074,0.000362089,,
1073,0.000404741,,
1072,0.000354208,,
1071,0.000308694,,
1070,0.000391572,,
1069,0.000435179,,
1068,0.000336205,,
1067,0.000417167,,
1066,0.000359089,,
1065,0.000379788,,
1064,0.000324586,,
1063,0.000400386,,
1062,0.000321998,,
1061,0.000434804,,
1060,0.000372569,,
1059,0.00035628,,
1058,0.000324874,,
1057,0.000400197,,
1056,0.000327826,,
1055,0.00045624,,
1054,0.000448803,,
1053,0.000454243,,
1052,0.000387964,,
1051,0.00043342,,
1050,0.000403219,,
1049,0.000378976,,
1048,0.000448359,,
1047,0.0003846,,
1046,0.000500092,,
1045,0.000412743,,
1044,0.000395202,,
1043,0.000484742,,
1042,0.000424267,,
1041,0.000439325,,
1040,0.000523517,,
1039,0.000532107,,
1038,0.000477585,,
1037,0.000600481,,
1036,0.000605273,,
1035,0.000571586,,
1034,0.00067128,,
1033,0.000714596,,
1032,0.000929387,,
1031,0.000983486,,
1030,0.001214288,,
1029,0.00166768,,
1028,0.001989231,,
1027,0.002743147,,
1026,0.003733221,,
1025,0.005202489,,
1024,0.00740083,,
1023,0.010857733,,
1022,0.016195435,,
1021,0.024521712,,
1020,0.038175978,,
1019,0.060048305,,
1018,0.092802487,,
1017,0.150783867,,
1016,0.245055318,,
1015,0.404293835,,
1014,0.686356366,,
1013,1.172529221,,
1012,1.979829192,,
1011,3.293844223,,
1010,4.654156208,,
1009,5.926755905,,
1008,7.954973221,,
1007,10.96602726,,
1006,15.27579689,,
1005,21.99176788,,
1004,31.87768173,,
1003,45.50767517,,
1002,60.87739563,,
1001,74.91560364,,
1000,83.63899994,,
999,87.04252625,,
998,87.55068207,,
997,86.79544067,,
996,86.0666275,,
995,85.69961548,,
994,85.88263702,,
993,86.17609406,,
992,86.87726593,,
991,87.65283966,,
990,88.35643768,,
989,89.19444275,,
988,89.70765686,,
987,90.10153961,,
986,90.50104523,,
985,90.82173157,,
984,90.94024658,,
983,91.01153564,,
982,90.83517456,,
981,90.9646759,,
980,90.77976227,,
979,90.43936157,,
978,90.16653442,,
977,89.98919678,,
976,89.61717224,,
975,89.36992645,,
974,89.1828537,,
973,88.98509979,,
972,88.86590576,,
971,88.87216949,,
970,89.02492523,,
969,89.14785767,,
968,89.39444733,,
967,89.7062149,,
966,89.93930817,,
965,90.14105225,,
964,90.34034729,,
963,90.50413513,,
962,90.51979828,,
961,90.40341949,,
960,90.19852448,,
959,90.07820129,,
958,89.68767548,,
957,89.33703613,,
956,88.96901703,,
955,88.87456512,,
954,88.53573608,,
953,88.37758636,,
952,88.27984619,,
951,88.38819885,,
950,88.52365875,,
949,88.68322754,,
948,89.01112366,,
947,89.1937027,,
946,89.50840759,,
945,89.77340698,,
944,90.13928223,,
943,90.39857483,,
942,90.52787018,,
941,90.63634491,,
940,90.77033234,,
939,90.75991058,,
938,90.72755432,,
937,90.70656586,,
936,90.71060181,,
935,90.54188538,,
934,90.58483124,,
933,90.51752472,,
932,90.44818878,,
931,90.60890198,,
930,90.69734955,,
929,90.80875397,,
928,90.73069,,
927,90.81046295,,
926,90.74303436,,
925,90.68321228,,
924,90.65026093,,
923,90.36396027,,
922,90.21465302,,
921,89.95924377,,
920,89.61521149,,
919,89.52801514,,
918,89.23924255,,
917,88.98854828,,
916,88.85241699,,
915,88.72978973,,
914,88.65635681,,
913,88.76186371,,
912,88.94674683,,
911,89.01657104,,
910,89.33094788,,
909,89.54550171,,
908,89.841362,,
907,90.02619934,,
906,90.17253876,,
905,90.41203308,,
904,90.61795807,,
903,90.67990112,,
902,90.78542328,,
901,90.79876709,,
900,90.63896942,,
899,90.54193878,,
898,90.52340698,,
897,90.37552643,,
896,90.32722473,,
895,90.24861145,,
894,90.22846222,,
893,90.31349945,,
892,90.47381592,,
891,90.59004974,,
890,90.66946411,,
889,90.81344604,,
888,91.00849915,,
887,91.12830353,,
886,91.15657043,,
885,91.4466095,,
884,91.39247131,,
883,91.49811554,,
882,91.48027802,,
881,91.53405762,,
880,91.36997223,,
879,91.35251617,,
878,91.36282349,,
877,91.3269577,,
876,91.26651001,,
875,91.39311981,,
874,91.42889404,,
873,91.3848114,,
872,91.44347382,,
871,91.22135162,,
870,91.32023621,,
869,91.34645844,,
868,91.2902832,,
867,91.12065125,,
866,90.95586395,,
865,90.68836975,,
864,90.6031723,,
863,90.30661774,,
862,90.25809479,,
861,90.12109375,,
860,89.92255402,,
859,89.86542511,,
858,89.80709076,,
857,89.81018066,,
856,89.91602325,,
855,90.04566956,,
854,90.18464661,,
853,90.25733185,,
852,90.42182922,,
851,90.51904297,,
850,90.61952972,,
849,90.64117432,,
848,90.72528839,,
847,90.62953186,,
846,90.54824829,,
845,90.52018738,,
844,90.41340637,,
843,90.31519318,,
842,90.28011322,,
841,90.2013092,,
840,90.07351685,,
839,90.0612793,,
838,90.07501221,,
837,90.11457062,,
836,90.09687042,,
835,90.18693542,,
834,90.07403564,,
833,90.00221252,,
832,89.86117554,,
831,89.72651672,,
830,89.60334015,,
829,89.42204285,,
828,89.26490784,,
827,89.12242889,,
826,88.99319458,,
825,89.01049805,,
824,88.97068787,,
823,88.89083862,,
822,88.92597198,,
821,88.93044281,,
820,89.00498962,,
819,89.06519318,,
818,89.02154541,,
817,88.97928619,,
816,88.96112061,,
815,88.82913971,,
814,88.72453308,,
813,88.42507935,,
812,88.29654694,,
811,88.17580414,,
810,88.17222595,,
809,87.89781189,,
808,87.82588196,,
807,87.79243469,,
806,87.87533569,,
805,87.85205078,,
804,87.90325928,,
803,87.77360535,,
802,87.61065674,,
801,87.50794983,,
800,87.33003235,,
799,86.78927612,,
798,86.31113434,,
797,85.72667694,,
796,85.0608139,,
795,84.45995331,,
794,83.89261627,,
793,83.59062195,,
792,83.33466339,,
791,83.29950714,,
790,83.41551971,,
789,83.5911026,,
788,83.84155273,,
787,84.00928497,,
786,84.23640442,,
785,84.15048981,,
784,83.95597839,,
783,83.47825623,,
782,82.9726944,,
781,82.41156006,,
780,81.80152893,,
779,81.40341187,,
778,81.19616699,,
777,81.27780151,,
776,81.75045776,,
775,82.4467392,,
774,83.31752777,,
773,84.34760284,,
772,85.30505371,,
771,86.10443115,,
770,86.47891998,,
769,86.38496399,,
768,85.83206177,,
767,84.71258545,,
766,83.40131378,,
765,81.94873047,,
764,80.5658493,,
763,79.37031555,,
762,78.75178528,,
761,78.57266235,,
760,78.9155426,,
759,79.69242096,,
758,80.84013367,,
757,82.10105896,,
756,83.21031189,,
755,83.97498322,,
754,84.23471069,,
753,83.84667969,,
752,82.7930069,,
751,81.31270599,,
750,79.67431641,,
749,78.21694183,,
748,77.06412506,,
747,76.53624725,,
746,76.64636993,,
745,77.41444397,,
744,78.75006866,,
743,80.53515625,,
742,82.32749939,,
741,83.79543304,,
740,84.46539307,,
739,84.21149445,,
738,83.01023102,,
737,81.0236969,,
736,78.83470154,,
735,76.68789673,,
734,75.08527374,,
733,74.20140839,,
732,74.32975769,,
731,75.42512512,,
730,77.35417175,,
729,79.87275696,,
728,82.43308258,,
727,84.32408905,,
726,84.81593323,,
725,83.75988007,,
724,81.07720947,,
723,77.54608154,,
722,73.82352448,,
721,70.62511444,,
720,68.33570862,,
719,67.38070679,,
718,67.79434967,,
717,69.61998749,,
716,72.42034912,,
715,75.68476868,,
714,78.48590088,,
713,79.72813416,,
712,78.63917542,,
711,75.26567841,,
710,70.42707062,,
709,65.1756134,,
708,60.67972946,,
707,57.4289856,,
706,55.92068481,,
705,56.27139664,,
704,58.46252441,,
703,62.17369843,,
702,66.77044678,,
701,70.78904724,,
700,72.33860779,,
699,70.35087585,,
698,65.00481415,,
697,57.92457581,,
696,50.92736435,,
695,45.4907341,,
694,41.929245,,
693,40.49423218,,
692,41.10783768,,
691,43.88674927,,
690,48.6400795,,
689,54.72099686,,
688,60.01157761,,
687,61.58288193,,
686,57.72704315,,
685,49.86440659,,
684,40.98387527,,
683,33.5689888,,
682,28.58396721,,
681,25.75487709,,
680,24.89065552,,
679,25.92416954,,
678,29.04025078,,
677,34.39177704,,
676,41.65862656,,
675,48.16942978,,
674,49.79386139,,
673,44.81356049,,
672,36.18468475,,
671,27.88360405,,
670,22.06328583,,
669,18.6844883,,
668,17.25012779,,
667,17.5101223,,
666,19.60658836,,
665,23.9662571,,
664,30.35705757,,
663,36.17340851,,
662,36.7521286,,
661,30.89820671,,
660,22.45641708,,
659,15.68983841,,
658,11.49963379,,
657,9.297000885,,
656,8.350030899,,
655,8.392950058,,
654,9.526859283,,
653,12.41522026,,
652,18.4173069,,
651,27.63084984,,
650,34.90949249,,
649,33.19687271,,
648,24.00680161,,
647,15.02157784,,
646,9.958659172,,
645,7.628830433,,
644,6.87860918,,
643,7.323110104,,
642,9.469468117,,
641,15.2435894,,
640,26.35142136,,
639,35.19645309,,
638,31.29676247,,
637,18.9659214,,
636,9.665268898,,
635,5.699932098,,
634,4.259162903,,
633,3.974540949,,
632,4.665160656,,
631,6.940282822,,
630,10.54868889,,
629,12.08530331,,
628,9.095849991,,
627,4.618928432,,
626,1.996396899,,
625,1.028562069,,
624,0.653280377,,
623,0.488773674,,
622,0.422862321,,
621,0.425320387,,
620,0.520401061,,
619,0.893336058,,
618,2.338461161,,
617,4.203090191,,
616,4.061415195,,
615,2.023270845,,
614,0.548136115,,
613,0.184016794,,
612,0.092073433,,
611,0.056146435,,
610,0.038837537,,
609,0.029241635,,
608,0.023763616,,
607,0.020568043,,
606,0.018839533,,
605,0.018097103,,
604,0.018261364,,
603,0.019371632,,
602,0.021538693,,
601,0.025222253,,
600,0.031131919,,
599,0.040766705,,
598,0.057323735,,
597,0.087763295,,
596,0.149385706,,
595,0.290635198,,
594,0.620682061,,
593,1.16953361,,
592,1.586874604,,
591,1.481765985,,
590,1.026428223,,
589,0.652636468,,
588,0.459118277,,
587,0.363283634,,
586,0.315075427,,
585,0.292517483,,
584,0.287267298,,
583,0.295738041,,
582,0.318469763,,
581,0.35863629,,
580,0.422577202,,
579,0.523222029,,
578,0.684377968,,
577,0.958869875,,
576,1.439641476,,
575,2.350794554,,
574,4.230990887,,
573,8.352966309,,
572,16.95540619,,
571,31.12019348,,
570,46.84485245,,
569,57.51459122,,
568,61.1235733,,
567,60.84918213,,
566,58.72196579,,
565,54.33095551,,
564,48.09711075,,
563,42.47393417,,
562,39.52754593,,
561,40.71802139,,
560,47.12253571,,
559,58.88687515,,
558,72.30041504,,
557,79.63527679,,
556,76.07940674,,
555,66.42653656,,
554,58.70412445,,
553,57.52505112,,
552,63.18140793,,
551,73.17751312,,
550,80.96211243,,
549,80.41699219,,
548,72.30937958,,
547,63.42057419,,
546,59.56054306,,
545,62.62086487,,
544,71.17845917,,
543,79.74092865,,
542,81.60552979,,
541,75.36073303,,
540,66.52976227,,
539,61.25634384,,
538,62.55797195,,
537,69.69041443,,
536,78.02257538,,
535,80.50363159,,
534,74.55143738,,
533,65.17584991,,
532,59.45676422,,
531,60.67728424,,
530,68.19368744,,
529,77.07054901,,
528,80.0668335,,
527,74.55584717,,
526,65.62900543,,
525,60.31746292,,
524,62.0819931,,
523,69.48842621,,
522,76.21414948,,
521,75.25344849,,
520,66.8119812,,
519,57.94464493,,
518,54.94356918,,
517,59.8534584,,
516,69.78677368,,
515,77.27794647,,
514,75.1907196,,
513,66.13286591,,
512,58.82223129,,
511,59.12077332,,
510,66.484375,,
509,73.77744293,,
508,72.70310974,,
507,63.66712952,,
506,54.86450958,,
505,53.20053101,,
504,59.91601181,,
503,69.08802032,,
502,71.10308075,,
501,63.08839417,,
500,53.51646042,,
499,51.14505768,,
498,58.09153748,,
497,68.11125183,,
496,69.88952637,,
495,60.08787918,,
494,48.0277977,,
493,43.65200424,,
492,49.77848053,,
491,61.80850983,,
490,68.07982635,,
489,61.84714508,,
488,51.67197418,,
487,49.40344238,,
486,57.20347214,,
485,65.51271057,,
484,62.57069778,,
483,49.50780487,,
482,38.98390198,,
481,38.90879822,,
480,49.17251968,,
479,60.37958908,,
478,59.97359848,,
477,49.25006104,,
476,41.19763184,,
475,43.88041306,,
474,53.54543304,,
473,58.84572983,,
472,53.01380157,,
471,43.17712402,,
470,39.55410004,,
469,43.76099014,,
468,50.27303696,,
467,52.62484741,,
466,50.55836487,,
465,48.70124435,,
464,48.1427536,,
463,45.87825012,,
462,41.12934494,,
461,36.98304749,,
460,35.92328262,,
459,37.05486679,,
458,38.44350433,,
457,39.6485672,,
456,40.21398926,,
455,38.08950043,,
454,33.18524933,,
453,30.03469658,,
452,31.61771965,,
451,32.96778107,,
450,27.44979477,,
449,19.57970047,,
448,20.05015373,,
447,25.06327057,,
446,21.34083557,,
445,11.69351101,,
444,8.824804306,,
443,9.947639465,,
442,5.860532761,,
441,1.380719185,,
440,0.320828557,,
439,0.433075577,,
438,0.332143635,,
437,0.112068549,,
436,0.003642882,,
435,0.000705503,,
434,0.000841847,,
433,0.001621341,,
432,0.001731867,,
431,0.000819878,,
430,7.86E-05,,
429,3.80E-05,,
428,3.76E-05,,
427,3.98E-05,,
426,2.94E-05,,
425,4.51E-05,,
424,3.82E-05,,
423,2.50E-05,,
422,4.42E-05,,
421,4.00E-05,,
420,3.48E-05,,
419,3.87E-05,,
418,4.62E-05,,
417,5.00E-05,,
416,3.88E-05,,
415,4.81E-05,,
414,5.48E-05,,
413,3.63E-05,,
412,5.26E-05,,
411,4.31E-05,,
410,4.51E-05,,
409,4.34E-05,,
408,5.33E-05,,
407,6.08E-05,,
406,0.000133514,,
405,0.000922412,,
404,0.003170683,,
403,0.006469213,,
402,0.011327399,,
401,0.02821661,,
400,0.123710997,,
399,0.512088001,,
398,1.200800061,,
397,1.823126316,,
396,2.347854137,,
395,3.459949493,,
394,5.232244492,,
393,6.474839211,,
392,6.338213921,,
391,5.434082985,,
390,4.651895523,,
389,4.023958206,,
388,3.419658661,,
387,2.841946363,,
386,2.289883614,,
385,1.838064551,,
384,1.476169825,,
383,1.163497329,,
382,0.901415944,,
381,0.669954419,,
380,0.473356009,,
379,0.32345593,,
378,0.214673877,,
377,0.141353056,,
376,0.090883896,,
375,0.056346353,,
374,0.033418398,,
373,0.018934146,,
372,0.01035842,,
371,0.005347854,,
370,0.002595583,,
369,0.001236123,,
368,0.000567263,,
367,0.000263767,,
366,0.000150447,,
365,9.41E-05,,
364,7.48E-05,,
363,5.15E-05,,
362,6.88E-05,,
361,6.47E-05,,
360,5.83E-05,,
359,6.55E-05,,
358,5.50E-05,,
357,6.31E-05,,
356,7.46E-05,,
355,4.92E-05,,
354,7.55E-05,,
353,5.90E-05,,
352,7.80E-05,,
351,6.92E-05,,
350,6.37E-05,,
349,-8.86E-05,,
348,5.03E-05,,
347,4.91E-05,,
346,6.18E-05,,
345,6.27E-05,,
344,5.04E-05,,
343,6.92E-05,,
342,5.45E-05,,
341,5.26E-05,,
340,3.95E-05,,
339,6.39E-05,,
338,6.00E-05,,
337,6.20E-05,,
336,7.32E-05,,
335,6.64E-05,,
334,6.38E-05,,
333,7.55E-05,,
332,0.000100873,,
331,8.15E-05,,
330,8.60E-05,,
329,9.10E-05,,
328,0.000109447,,
327,0.000104334,,
326,0.000115666,,
325,0.00013567,,
324,0.000140948,,
323,0.000162916,,
322,0.000148647,,
321,0.000171673,,
320,0.000191344,,
319,0.000195028,,
318,0.000202856,,
317,0.000222181,,
316,0.000260822,,
315,0.000288682,,
314,0.000311295,,
313,0.000319566,,
312,0.000342236,,
311,0.000385692,,
310,0.000415101,,
309,0.000470864,,
308,0.000511729,,
307,0.000539214,,
306,0.000553101,,
305,0.000625817,,
304,0.000687965,,
303,0.000712204,,
302,0.000786119,,
301,0.000807664,,
300,0.000851405,,
299,0.00089927,,
298,0.000955876,,
297,0.001035686,,
296,0.00109488,,
295,0.001121846,,
294,0.001205349,,
293,0.001242682,,
292,0.001285303,,
291,0.001345898,,
290,0.001388396,,
289,0.001414174,,
288,0.00150618,,
287,0.001507214,,
286,0.001542648,,
285,0.001580678,,
284,0.0015714,,
283,0.001617568,,
282,0.001661301,,
281,0.001668525,,
280,0.001666995,,
279,0.001731019,,
278,0.001761878,,
277,0.001784616,,
276,0.001792624,,
275,0.001800358,,
274,0.001820286,,
273,0.001857809,,
272,0.001852512,,
271,0.001874847,,
270,0.00189448,,
269,0.001893384,,
268,0.001934965,,
267,0.001959703,,
266,0.00196658,,
265,0.00197004,,
264,0.002007989,,
263,0.001997218,,
262,0.002056557,,
261,0.002044957,,
260,0.002047944,,
259,0.002072223,,
258,0.002118278,,
257,0.002112813,,
256,0.002109067,,
255,0.002083986,,
254,0.002146117,,
253,0.002161181,,
252,0.00215404,,
251,0.002174887,,
250,0.002185047,,
249,0.002163524,,
248,0.002215551,,
247,0.002201659,,
246,0.002214613,,
245,0.00223624,,
244,0.002249976,,
243,0.002261444,,
242,0.002283144,,
241,0.002282876,,
240,0.002290814,,
239,0.002312736,,
238,0.00234794,,
237,0.00238147,,
236,0.002406731,,
235,0.002423693,,
234,0.00246019,,
233,0.00243527,,
232,0.002468029,,
231,0.00246327,,
230,0.002484451,,
229,0.002491769,,
228,0.00249943,,
227,0.002527974,,
226,0.002510952,,
225,0.002519907,,
224,0.002554709,,
223,0.002525575,,
222,0.002561546,,
221,0.00252212,,
220,0.002594687,,
219,0.00260953,,
218,0.002659508,,
217,0.002633268,,
216,0.002720821,,
215,0.002741631,,
214,0.002800451,,
213,0.002890113,,
212,0.002907507,,
211,0.003005693,,
210,0.003093427,,
209,0.003181928,,
208,0.003252243,,
207,0.003410942,,
206,0.003467284,,
205,0.003598935,,
204,0.003708388,,
203,0.003755001,,
202,0.00385106,,
201,0.003937555,,
200,0.004082166,,
