Wavelength (nm),% Transmission,Optical Density
2600,32.67494,0.48579
2599,32.89605,0.48286
2598,33.08613,0.48035
2597,33.29436,0.47763
2596,33.50674,0.47487
2595,33.71077,0.47223
2594,33.89696,0.46984
2593,34.0855,0.46743
2592,34.25445,0.46528
2591,34.40034,0.46344
2590,34.53535,0.46174
2589,34.62132,0.46066
2588,34.69535,0.45973
2587,34.76926,0.4588
2586,34.83957,0.45793
2585,34.95628,0.45647
2584,35.08075,0.45493
2583,35.19573,0.45351
2582,35.32967,0.45186
2581,35.48334,0.44998
2580,35.61719,0.44834
2579,35.78649,0.44628
2578,35.96701,0.4441
2577,36.11406,0.44232
2576,36.30201,0.44007
2575,36.47557,0.438
2574,36.62115,0.43627
2573,36.80755,0.43406
2572,36.98256,0.432
2571,37.10331,0.43059
2570,37.2342,0.42906
2569,37.33808,0.42785
2568,37.42155,0.42688
2567,37.51134,0.42584
2566,37.56478,0.42522
2565,37.59238,0.4249
2564,37.61354,0.42466
2563,37.60201,0.42479
2562,37.58225,0.42502
2561,37.54729,0.42542
2560,37.4693,0.42632
2559,37.41097,0.427
2558,37.33685,0.42786
2557,37.23677,0.42903
2556,37.14879,0.43006
2555,37.03958,0.43133
2554,36.90585,0.4329
2553,36.77672,0.43443
2552,36.60668,0.43644
2551,36.43467,0.43849
2550,36.25856,0.44059
2549,36.04226,0.44319
2548,35.83234,0.44572
2547,35.61849,0.44832
2546,35.34408,0.45168
2545,35.0752,0.455
2544,34.7958,0.45847
2543,34.45208,0.46278
2542,34.11948,0.467
2541,33.76891,0.47148
2540,33.36547,0.4767
2539,32.97937,0.48176
2538,32.57541,0.48711
2537,32.13329,0.49304
2536,31.68449,0.49915
2535,31.20594,0.50576
2534,30.67848,0.51317
2533,30.15963,0.52057
2532,29.63851,0.52814
2531,29.10225,0.53607
2530,28.58197,0.54391
2529,28.03957,0.55223
2528,27.49044,0.56082
2527,26.94056,0.56959
2526,26.39517,0.57848
2525,25.86808,0.58724
2524,25.31625,0.5966
2523,24.78127,0.60588
2522,24.25088,0.61527
2521,23.71652,0.62495
2520,23.20808,0.63436
2519,22.72252,0.64354
2518,22.24385,0.65279
2517,21.78033,0.66194
2516,21.34303,0.67074
2515,20.90514,0.67975
2514,20.49043,0.68845
2513,20.11531,0.69647
2512,19.75797,0.70426
2511,19.41519,0.71186
2510,19.09817,0.71901
2509,18.80264,0.72578
2508,18.50474,0.73272
2507,18.22878,0.73924
2506,17.97932,0.74523
2505,17.72657,0.75138
2504,17.48862,0.75724
2503,17.25864,0.76299
2502,17.02529,0.76891
2501,16.79946,0.7747
2500,16.57706,0.78049
2499,16.37212,0.7859
2498,16.15382,0.79172
2497,15.93452,0.79766
2496,15.72279,0.80347
2495,15.49383,0.80984
2494,15.27352,0.81606
2493,15.06262,0.8221
2492,14.84534,0.82841
2491,14.63461,0.83462
2490,14.43379,0.84062
2489,14.22593,0.84692
2488,14.03906,0.85266
2487,13.84997,0.85855
2486,13.6649,0.86439
2485,13.49472,0.86984
2484,13.29814,0.87621
2483,13.10893,0.88243
2482,12.91461,0.88892
2481,12.68294,0.89678
2480,12.47971,0.9038
2479,12.24701,0.91197
2478,11.98817,0.92125
2477,11.75049,0.92994
2476,11.4797,0.94007
2475,11.20135,0.95073
2474,10.95934,0.96022
2473,10.68065,0.9714
2472,10.41128,0.9825
2471,10.16413,0.99293
2470,9.87847,1.00531
2469,9.62517,1.01659
2468,9.37766,1.02791
2467,9.11851,1.04008
2466,8.91089,1.05008
2465,8.68667,1.06115
2464,8.48835,1.07118
2463,8.34198,1.07873
2462,8.18981,1.08673
2461,8.0924,1.09192
2460,8.03644,1.09494
2459,7.97369,1.09834
2458,7.97464,1.09829
2457,7.96829,1.09863
2456,7.96561,1.09878
2455,8.01266,1.09622
2454,8.01233,1.09624
2453,8.03646,1.09493
2452,8.08325,1.09241
2451,8.07734,1.09273
2450,8.12583,1.09013
2449,8.16023,1.0883
2448,8.16391,1.0881
2447,8.23848,1.08415
2446,8.25341,1.08337
2445,8.28514,1.0817
2444,8.35234,1.07819
2443,8.34289,1.07868
2442,8.38665,1.07641
2441,8.41032,1.07519
2440,8.38025,1.07674
2439,8.42447,1.07446
2438,8.38881,1.0763
2437,8.36005,1.07779
2436,8.36825,1.07737
2435,8.29158,1.08136
2434,8.27727,1.08211
2433,8.24881,1.08361
2432,8.16308,1.08815
2431,8.16474,1.08806
2430,8.07922,1.09263
2429,8.02316,1.09565
2428,8.00879,1.09643
2427,7.90434,1.10213
2426,7.88011,1.10347
2425,7.827,1.1064
2424,7.72724,1.11198
2423,7.7159,1.11261
2422,7.61551,1.1183
2421,7.54817,1.12216
2420,7.51877,1.12385
2419,7.40033,1.13075
2418,7.36596,1.13277
2417,7.28535,1.13755
2416,7.1818,1.14377
2415,7.15521,1.14538
2414,7.03759,1.15258
2413,6.966,1.15702
2412,6.9122,1.16038
2411,6.7772,1.16895
2410,6.73253,1.17182
2409,6.62776,1.17863
2408,6.52452,1.18545
2407,6.48522,1.18808
2406,6.35924,1.19659
2405,6.31382,1.19971
2404,6.2511,1.20404
2403,6.16405,1.21013
2402,6.16151,1.21031
2401,6.08617,1.21566
2400,6.06214,1.21737
2399,6.06197,1.21739
2398,6.0009,1.22178
2397,6.02478,1.22006
2396,5.99198,1.22243
2395,5.96534,1.22436
2394,5.98826,1.2227
2393,5.93251,1.22676
2392,5.95329,1.22524
2391,5.93502,1.22658
2390,5.89812,1.22929
2389,5.93331,1.2267
2388,5.88266,1.23043
2387,5.89061,1.22984
2386,5.89771,1.22932
2385,5.85659,1.23236
2384,5.8905,1.22985
2383,5.85678,1.23234
2382,5.85248,1.23266
2381,5.86399,1.23181
2380,5.82292,1.23486
2379,5.84448,1.23325
2378,5.80684,1.23606
2377,5.78546,1.23766
2376,5.78938,1.23737
2375,5.73149,1.24173
2374,5.7402,1.24107
2373,5.70611,1.24366
2372,5.67605,1.24595
2371,5.6823,1.24548
2370,5.62788,1.24965
2369,5.63608,1.24902
2368,5.60924,1.2511
2367,5.58253,1.25317
2366,5.59914,1.25188
2365,5.55796,1.25508
2364,5.57568,1.2537
2363,5.56623,1.25444
2362,5.55548,1.25528
2361,5.58609,1.25289
2360,5.56461,1.25457
2359,5.58781,1.25276
2358,5.58578,1.25292
2357,5.56876,1.25424
2356,5.59052,1.25255
2355,5.5549,1.25532
2354,5.56809,1.25429
2353,5.55926,1.25498
2352,5.54334,1.25623
2351,5.56759,1.25433
2350,5.54383,1.25619
2349,5.57965,1.25339
2348,5.58904,1.25266
2347,5.59685,1.25206
2346,5.64565,1.24829
2345,5.63599,1.24903
2344,5.6833,1.2454
2343,5.69577,1.24445
2342,5.70482,1.24376
2341,5.7503,1.24031
2340,5.72974,1.24186
2339,5.7727,1.23862
2338,5.76256,1.23938
2337,5.75912,1.23964
2336,5.78045,1.23804
2335,5.74247,1.2409
2334,5.77036,1.2388
2333,5.73288,1.24163
2332,5.72589,1.24216
2331,5.72478,1.24224
2330,5.67049,1.24638
2329,5.68949,1.24493
2328,5.63503,1.2491
2327,5.62282,1.25005
2326,5.59651,1.25208
2325,5.53495,1.25689
2324,5.52836,1.2574
2323,5.44338,1.26413
2322,5.40992,1.26681
2321,5.3491,1.27172
2320,5.27232,1.278
2319,5.25049,1.2798
2318,5.16454,1.28697
2317,5.16308,1.28709
2316,5.13325,1.28961
2315,5.13272,1.28965
2314,5.16521,1.28691
2313,5.16964,1.28654
2312,5.24445,1.2803
2311,5.27309,1.27793
2310,5.3437,1.27216
2309,5.41454,1.26644
2308,5.46136,1.2627
2307,5.54883,1.2558
2306,5.58989,1.2526
2305,5.66508,1.24679
2304,5.72686,1.24208
2303,5.78717,1.23753
2302,5.86925,1.23142
2301,5.94169,1.22609
2300,6.03292,1.21947
2299,6.12819,1.21267
2298,6.23145,1.20541
2297,6.34537,1.19754
2296,6.46232,1.18961
2295,6.59128,1.18103
2294,6.72661,1.1722
2293,6.85758,1.16383
2292,7.00001,1.1549
2291,7.14587,1.14594
2290,7.29489,1.13698
2289,7.46291,1.12709
2288,7.63142,1.11739
2287,7.79922,1.10795
2286,7.97752,1.09813
2285,8.15601,1.08852
2284,8.34145,1.07876
2283,8.53545,1.06877
2282,8.71765,1.0596
2281,8.91639,1.04981
2280,9.07718,1.04205
2279,9.27548,1.03266
2278,9.44419,1.02484
2277,9.62351,1.01667
2276,9.82861,1.00751
2275,10.02005,0.99913
2274,10.25207,0.98919
2273,10.47462,0.97986
2272,10.75791,0.96827
2271,11.05006,0.95664
2270,11.38361,0.94372
2269,11.76128,0.92955
2268,12.13239,0.91605
2267,12.54666,0.90147
2266,12.93957,0.88808
2265,13.38385,0.87342
2264,13.79866,0.86016
2263,14.27201,0.84551
2262,14.73507,0.83165
2261,15.18124,0.81869
2260,15.67945,0.80467
2259,16.13478,0.79224
2258,16.64653,0.77868
2257,17.13126,0.76621
2256,17.68358,0.75243
2255,18.19085,0.74015
2254,18.72359,0.72761
2253,19.27994,0.71489
2252,19.80137,0.7033
2251,20.37972,0.6908
2250,20.92165,0.6794
2249,21.51364,0.66729
2248,22.02958,0.65699
2247,22.59981,0.6459
2246,23.14662,0.63551
2245,23.66875,0.62582
2244,24.24073,0.61545
2243,24.76355,0.60619
2242,25.31328,0.59665
2241,25.80571,0.58828
2240,26.34693,0.57927
2239,26.84632,0.57112
2238,27.35715,0.56293
2237,27.8871,0.5546
2236,28.38037,0.54698
2235,28.89539,0.53917
2234,29.39309,0.53175
2233,29.93172,0.52387
2232,30.4393,0.51657
2231,31.00877,0.50852
2230,31.57696,0.50063
2229,32.12793,0.49312
2228,32.70965,0.48532
2227,33.28624,0.47774
2226,33.87081,0.47017
2225,34.45066,0.4628
2224,35.04551,0.45537
2223,35.62365,0.44826
2222,36.17011,0.44165
2221,36.72962,0.43498
2220,37.25749,0.42879
2219,37.77658,0.42278
2218,38.3088,0.4167
2217,38.81734,0.41097
2216,39.31281,0.40547
2215,39.79389,0.40018
2214,40.29189,0.39478
2213,40.77235,0.38963
2212,41.27001,0.38437
2211,41.78209,0.37901
2210,42.2769,0.3739
2209,42.77409,0.36882
2208,43.29193,0.36359
2207,43.81076,0.35842
2206,44.33399,0.35326
2205,44.87488,0.348
2204,45.41732,0.34278
2203,45.91785,0.33802
2202,46.44404,0.33307
2201,46.94466,0.32841
2200,47.44279,0.32383
2199,47.92217,0.31946
2198,48.39686,0.31518
2197,48.83666,0.31125
2196,49.23126,0.30776
2195,49.63673,0.3042
2194,50.00003,0.30103
2193,50.36805,0.29784
2192,50.73215,0.29472
2191,51.09307,0.29164
2190,51.44035,0.2887
2189,51.83157,0.28541
2188,52.22075,0.28216
2187,52.62782,0.27878
2186,53.06619,0.27518
2185,53.49988,0.27165
2184,53.92473,0.26821
2183,54.33206,0.26494
2182,54.7309,0.26177
2181,55.08437,0.25897
2180,55.40913,0.25642
2179,55.70544,0.2541
2178,55.94154,0.25227
2177,56.11851,0.25089
2176,56.24741,0.2499
2175,56.30004,0.24949
2174,56.30002,0.24949
2173,56.19075,0.25034
2172,56.01432,0.2517
2171,55.73864,0.25384
2170,55.41349,0.25638
2169,55.00025,0.25964
2168,54.58397,0.26293
2167,54.14862,0.26641
2166,53.77776,0.2694
2165,53.49393,0.2717
2164,53.33615,0.27298
2163,53.30142,0.27326
2162,53.40856,0.27239
2161,53.6129,0.27073
2160,53.94478,0.26805
2159,54.3516,0.26479
2158,54.75832,0.26155
2157,55.21765,0.25792
2156,55.65334,0.25451
2155,56.06006,0.25135
2154,56.41671,0.24859
2153,56.73828,0.24612
2152,56.95834,0.24444
2151,57.12247,0.24319
2150,57.20317,0.24258
2149,57.21806,0.24247
2148,57.14482,0.24302
2147,57.01274,0.24403
2146,56.78725,0.24575
2145,56.52187,0.24778
2144,56.17626,0.25045
2143,55.79163,0.25343
2142,55.36414,0.25677
2141,54.89927,0.26043
2140,54.4082,0.26434
2139,53.97577,0.2678
2138,53.54604,0.27127
2137,53.19272,0.27415
2136,52.90056,0.27654
2135,52.70555,0.27814
2134,52.59333,0.27907
2133,52.56455,0.27931
2132,52.59765,0.27903
2131,52.66095,0.27851
2130,52.71673,0.27805
2129,52.74712,0.2778
2128,52.72378,0.27799
2127,52.65062,0.2786
2126,52.49105,0.27991
2125,52.28091,0.28166
2124,52.01638,0.28386
2123,51.69698,0.28653
2122,51.35867,0.28939
2121,50.96346,0.29274
2120,50.57835,0.29604
2119,50.16875,0.29957
2118,49.75459,0.30317
2117,49.31933,0.30698
2116,48.88566,0.31082
2115,48.41142,0.31505
2114,47.92705,0.31942
2113,47.44761,0.32379
2112,46.94067,0.32845
2111,46.43479,0.33316
2110,45.92132,0.33799
2109,45.38024,0.34313
2108,44.83936,0.34834
2107,44.29194,0.35368
2106,43.76839,0.35884
2105,43.20611,0.36445
2104,42.65567,0.37002
2103,42.09481,0.37577
2102,41.51371,0.38181
2101,40.94532,0.3878
2100,40.38799,0.39375
2099,39.81553,0.39995
2098,39.2452,0.40621
2097,38.69213,0.41238
2096,38.10959,0.41897
2095,37.5296,0.42563
2094,36.98218,0.43201
2093,36.43012,0.43854
2092,35.88659,0.44507
2091,35.33639,0.45178
2090,34.80164,0.4584
2089,34.24987,0.46534
2088,33.71257,0.47221
2087,33.21479,0.47867
2086,32.6909,0.48557
2085,32.1907,0.49227
2084,31.69921,0.49895
2083,31.19586,0.5059
2082,30.70866,0.51274
2081,30.24296,0.51938
2080,29.77974,0.52608
2079,29.32203,0.53281
2078,28.8824,0.53937
2077,28.44196,0.54604
2076,27.99891,0.55286
2075,27.5797,0.55941
2074,27.16674,0.56596
2073,26.75747,0.57255
2072,26.35795,0.57909
2071,25.9756,0.58543
2070,25.57548,0.59218
2069,25.18685,0.59883
2068,24.83261,0.60498
2067,24.46756,0.61141
2066,24.10774,0.61784
2065,23.76504,0.62406
2064,23.41775,0.63045
2063,23.07445,0.63687
2062,22.74652,0.64308
2061,22.43697,0.64904
2060,22.11762,0.65526
2059,21.8098,0.66135
2058,21.51255,0.66731
2057,21.20365,0.67359
2056,20.91239,0.6796
2055,20.63311,0.68544
2054,20.3606,0.69121
2053,20.09363,0.69694
2052,19.83536,0.70256
2051,19.57362,0.70833
2050,19.31386,0.71413
2049,19.07377,0.71956
2048,18.83581,0.72502
2047,18.61168,0.73021
2046,18.38666,0.7355
2045,18.16737,0.74071
2044,17.9464,0.74602
2043,17.7364,0.75113
2042,17.54146,0.75593
2041,17.34438,0.76084
2040,17.1556,0.76559
2039,16.97803,0.77011
2038,16.79465,0.77483
2037,16.61519,0.77949
2036,16.45362,0.78374
2035,16.29476,0.78795
2034,16.13526,0.79222
2033,15.98519,0.79628
2032,15.83817,0.80029
2031,15.69103,0.80435
2030,15.54947,0.80828
2029,15.41446,0.81207
2028,15.28445,0.81575
2027,15.15566,0.81943
2026,15.03109,0.82301
2025,14.91155,0.82648
2024,14.79344,0.82993
2023,14.68518,0.83312
2022,14.57641,0.83635
2021,14.47299,0.83944
2020,14.37164,0.84249
2019,14.27861,0.84531
2018,14.17974,0.84833
2017,14.09186,0.85103
2016,14.00859,0.85361
2015,13.92638,0.85616
2014,13.84969,0.85856
2013,13.77293,0.86097
2012,13.7003,0.86327
2011,13.63763,0.86526
2010,13.5766,0.86721
2009,13.5186,0.86907
2008,13.46274,0.87087
2007,13.41547,0.87239
2006,13.36394,0.87407
2005,13.32012,0.87549
2004,13.27839,0.87685
2003,13.24107,0.87808
2002,13.20999,0.8791
2001,13.17909,0.88011
2000,13.15257,0.88099
1999,13.13652,0.88152
1998,13.1152,0.88223
1997,13.09547,0.88288
1996,13.0865,0.88318
1995,13.07349,0.88361
1994,13.06949,0.88374
1993,13.07005,0.88372
1992,13.07017,0.88372
1991,13.07503,0.88356
1990,13.08648,0.88318
1989,13.09939,0.88275
1988,13.11656,0.88218
1987,13.13868,0.88145
1986,13.16311,0.88064
1985,13.19073,0.87973
1984,13.21998,0.87877
1983,13.25724,0.87755
1982,13.29519,0.87631
1981,13.34131,0.8748
1980,13.38866,0.87326
1979,13.4464,0.87139
1978,13.50192,0.8696
1977,13.5629,0.86765
1976,13.63117,0.86547
1975,13.70054,0.86326
1974,13.78309,0.86065
1973,13.86377,0.85812
1972,13.95283,0.85534
1971,14.04451,0.85249
1970,14.14711,0.84933
1969,14.24991,0.84619
1968,14.36312,0.84275
1967,14.48371,0.83912
1966,14.61461,0.83521
1965,14.73797,0.83156
1964,14.88328,0.8273
1963,15.02244,0.82326
1962,15.18309,0.81864
1961,15.34484,0.81404
1960,15.521,0.80908
1959,15.69098,0.80435
1958,15.88178,0.7991
1957,16.07179,0.79394
1956,16.27698,0.78843
1955,16.4828,0.78297
1954,16.71841,0.7768
1953,16.94786,0.77089
1952,17.18541,0.76484
1951,17.44349,0.75837
1950,17.70286,0.75196
1949,17.97845,0.74525
1948,18.27457,0.73815
1947,18.58208,0.73091
1946,18.89451,0.72366
1945,19.22331,0.71617
1944,19.56535,0.70851
1943,19.91835,0.70075
1942,20.29389,0.69263
1941,20.69142,0.68421
1940,21.09393,0.67584
1939,21.52169,0.66712
1938,21.96476,0.65827
1937,22.44754,0.64883
1936,22.92698,0.63965
1935,23.44592,0.62993
1934,23.97988,0.62015
1933,24.50649,0.61072
1932,25.09454,0.60042
1931,25.69018,0.59023
1930,26.31378,0.57982
1929,26.98188,0.56893
1928,27.6841,0.55777
1927,28.3984,0.54671
1926,29.09957,0.53611
1925,29.85661,0.52496
1924,30.64075,0.5137
1923,31.45192,0.50235
1922,32.30549,0.49072
1921,33.20708,0.47877
1920,34.18204,0.4662
1919,35.20987,0.45334
1918,36.20526,0.44123
1917,37.16314,0.42989
1916,38.20564,0.41787
1915,39.3031,0.40557
1914,40.40524,0.39356
1913,41.58423,0.38107
1912,42.76653,0.3689
1911,43.94501,0.35709
1910,45.09869,0.34584
1909,46.32592,0.33418
1908,47.5234,0.32309
1907,48.72241,0.31227
1906,50.03503,0.30073
1905,51.29764,0.2899
1904,52.50728,0.27978
1903,53.71206,0.26993
1902,54.86372,0.26071
1901,55.96548,0.25208
1900,57.06662,0.24362
1899,58.14819,0.23546
1898,59.15051,0.22804
1897,60.08305,0.22125
1896,60.90897,0.21532
1895,61.63811,0.21015
1894,62.29455,0.20555
1893,62.84928,0.2017
1892,63.30491,0.19856
1891,63.64181,0.19626
1890,63.87556,0.19467
1889,63.9879,0.1939
1888,63.96272,0.19407
1887,63.84369,0.19488
1886,63.60881,0.19648
1885,63.2512,0.19893
1884,62.78405,0.20215
1883,62.20595,0.20617
1882,61.5651,0.21067
1881,60.88468,0.21549
1880,60.08319,0.22125
1879,59.27576,0.22712
1878,58.40066,0.23358
1877,57.44236,0.24077
1876,56.44168,0.2484
1875,55.44101,0.25617
1874,54.37938,0.26457
1873,53.29502,0.27331
1872,52.25285,0.28189
1871,51.17109,0.29098
1870,50.1427,0.29979
1869,49.15159,0.30846
1868,48.09461,0.3179
1867,47.05477,0.3274
1866,46.02444,0.33701
1865,45.06968,0.34612
1864,44.09336,0.35563
1863,43.13149,0.36521
1862,42.26633,0.37401
1861,41.40849,0.38291
1860,40.56219,0.39188
1859,39.73452,0.40083
1858,38.91621,0.40987
1857,38.1733,0.41824
1856,37.45145,0.42653
1855,36.73618,0.43491
1854,36.03052,0.44333
1853,35.34645,0.45165
1852,34.70309,0.45963
1851,34.13093,0.46685
1850,33.59621,0.47371
1849,33.0688,0.48058
1848,32.5327,0.48768
1847,32.01014,0.49471
1846,31.54635,0.50105
1845,31.13548,0.50674
1844,30.72958,0.51244
1843,30.38631,0.51732
1842,29.99743,0.52292
1841,29.67622,0.52759
1840,29.3937,0.53175
1839,29.11059,0.53595
1838,28.80541,0.54053
1837,28.54204,0.54451
1836,28.29885,0.54823
1835,28.09507,0.55137
1834,27.91494,0.55416
1833,27.71118,0.55735
1832,27.52901,0.56021
1831,27.38384,0.56251
1830,27.26436,0.5644
1829,27.18078,0.56574
1828,27.13982,0.56639
1827,27.07295,0.56746
1826,27.05704,0.56772
1825,27.03538,0.56807
1824,26.99425,0.56873
1823,26.99586,0.5687
1822,27.04281,0.56795
1821,27.08457,0.56728
1820,27.15997,0.56607
1819,27.26932,0.56433
1818,27.35105,0.56303
1817,27.47232,0.5611
1816,27.6247,0.5587
1815,27.74767,0.55677
1814,27.91965,0.55409
1813,28.13006,0.55083
1812,28.31406,0.548
1811,28.53602,0.54461
1810,28.81114,0.54044
1809,29.03775,0.53704
1808,29.3045,0.53307
1807,29.64837,0.528
1806,29.95881,0.52348
1805,30.29286,0.51866
1804,30.69096,0.51299
1803,31.06028,0.50779
1802,31.44525,0.50244
1801,31.9123,0.49604
1800,32.3646,0.48993
1799,32.8048,0.48406
1798,33.32247,0.47726
1797,33.82771,0.47073
1796,34.32249,0.46442
1795,34.90086,0.45716
1794,35.50515,0.44971
1793,36.04314,0.44318
1792,36.65523,0.43586
1791,37.32177,0.42804
1790,37.89948,0.42137
1789,38.55997,0.41386
1788,39.2666,0.40598
1787,39.93033,0.3987
1786,40.58292,0.39166
1785,41.30725,0.38397
1784,41.99182,0.37684
1783,42.62883,0.3703
1782,43.3532,0.36298
1781,44.04342,0.35612
1780,44.64603,0.35022
1779,45.28854,0.34401
1778,45.90831,0.33811
1777,46.44879,0.33303
1776,46.97274,0.32815
1775,47.52185,0.32311
1774,47.96596,0.31907
1773,48.31598,0.31591
1772,48.73301,0.31218
1771,49.02319,0.3096
1770,49.22709,0.3078
1769,49.45589,0.30578
1768,49.60419,0.30448
1767,49.63894,0.30418
1766,49.62193,0.30433
1765,49.61049,0.30443
1764,49.41375,0.30615
1763,49.15763,0.30841
1762,48.88881,0.31079
1761,48.48603,0.31438
1760,47.97703,0.31897
1759,47.43776,0.32388
1758,46.87444,0.32906
1757,46.14395,0.33589
1756,45.36509,0.34328
1755,44.58586,0.3508
1754,43.7119,0.3594
1753,42.77751,0.36878
1752,41.83689,0.37844
1751,40.90885,0.38818
1750,39.87767,0.39927
1749,38.80464,0.41112
1748,37.81683,0.42231
1747,36.82165,0.4339
1746,35.76539,0.44654
1745,34.72933,0.4593
1744,33.79904,0.4711
1743,32.76234,0.48463
1742,31.73309,0.49849
1741,30.82901,0.51104
1740,29.94856,0.52362
1739,29.05212,0.53682
1738,28.19255,0.54987
1737,27.42443,0.56186
1736,26.64407,0.5744
1735,25.86885,0.58722
1734,25.17728,0.59899
1733,24.53272,0.61025
1732,23.90759,0.62146
1731,23.27686,0.63308
1730,22.67653,0.64442
1729,22.14847,0.65466
1728,21.61927,0.66516
1727,21.07243,0.67629
1726,20.58136,0.68653
1725,20.14802,0.69577
1724,19.67558,0.70607
1723,19.20359,0.71662
1722,18.83366,0.72507
1721,18.49718,0.73289
1720,18.14369,0.74127
1719,17.8033,0.7495
1718,17.55191,0.75568
1717,17.29466,0.76209
1716,17.02645,0.76888
1715,16.78048,0.7752
1714,16.57161,0.78064
1713,16.3774,0.78576
1712,16.15158,0.79178
1711,15.92536,0.79791
1710,15.736,0.80311
1709,15.5684,0.80776
1708,15.38686,0.81285
1707,15.19033,0.81843
1706,15.0453,0.8226
1705,14.93241,0.82587
1704,14.79411,0.82991
1703,14.64709,0.83425
1702,14.55451,0.837
1701,14.50679,0.83843
1700,14.46255,0.83976
1699,14.42796,0.84079
1698,14.45401,0.84001
1697,14.53484,0.83759
1696,14.62407,0.83493
1695,14.69571,0.83281
1694,14.75694,0.831
1693,14.84572,0.8284
1692,14.94544,0.82549
1691,15.01438,0.82349
1690,15.07812,0.82165
1689,15.19816,0.81821
1688,15.3852,0.8129
1687,15.58783,0.80721
1686,15.80365,0.80124
1685,16.07363,0.79389
1684,16.3921,0.78537
1683,16.72247,0.7767
1682,17.02656,0.76887
1681,17.31317,0.76162
1680,17.599,0.75451
1679,17.91576,0.74676
1678,18.20223,0.73988
1677,18.42835,0.73451
1676,18.66931,0.72887
1675,18.94848,0.72243
1674,19.2546,0.71547
1673,19.56702,0.70848
1672,19.90521,0.70103
1671,20.29257,0.69266
1670,20.74907,0.683
1669,21.294,0.67174
1668,21.86396,0.66027
1667,22.49178,0.64798
1666,23.24388,0.63369
1665,24.07161,0.61849
1664,24.90732,0.60367
1663,25.75235,0.58918
1662,26.58893,0.5753
1661,27.43186,0.56174
1660,28.32144,0.54788
1659,29.19704,0.53466
1658,29.99523,0.52295
1657,30.76793,0.5119
1656,31.51934,0.50142
1655,32.27743,0.4911
1654,32.97654,0.48179
1653,33.65854,0.4729
1652,34.24874,0.46536
1651,34.77488,0.45873
1650,35.2873,0.45238
1649,35.72956,0.44697
1648,36.08884,0.44263
1647,36.39977,0.4389
1646,36.63334,0.43612
1645,36.81237,0.43401
1644,36.92423,0.43269
1643,36.92228,0.43271
1642,36.82489,0.43386
1641,36.64302,0.43601
1640,36.37181,0.43924
1639,36.04248,0.44319
1638,35.61128,0.44841
1637,35.07701,0.45498
1636,34.50033,0.46218
1635,33.92081,0.46953
1634,33.26699,0.47799
1633,32.59565,0.48684
1632,31.90671,0.49612
1631,31.14106,0.50667
1630,30.41468,0.51692
1629,29.6878,0.52742
1628,28.96796,0.53808
1627,28.2318,0.54926
1626,27.47693,0.56103
1625,26.73361,0.57294
1624,25.98791,0.58523
1623,25.30297,0.59683
1622,24.64823,0.60821
1621,23.99443,0.61989
1620,23.34538,0.6318
1619,22.70494,0.64388
1618,22.11085,0.65539
1617,21.55036,0.66655
1616,21.06377,0.67646
1615,20.57525,0.68665
1614,20.09272,0.69696
1613,19.62793,0.70713
1612,19.17714,0.71722
1611,18.75538,0.72687
1610,18.3711,0.73586
1609,18.04234,0.74371
1608,17.70934,0.7518
1607,17.38544,0.75981
1606,17.07921,0.76753
1605,16.76992,0.77547
1604,16.5014,0.78248
1603,16.28322,0.78826
1602,16.07701,0.79379
1601,15.89614,0.79871
1600,15.72057,0.80353
1599,15.54025,0.80854
1598,15.37654,0.81314
1597,15.23359,0.8172
1596,15.12249,0.82038
1595,15.03973,0.82276
1594,14.99397,0.82408
1593,14.94465,0.82551
1592,14.89873,0.82685
1591,14.85083,0.82825
1590,14.81726,0.82923
1589,14.82576,0.82898
1588,14.8518,0.82822
1587,14.91315,0.82643
1586,14.99699,0.824
1585,15.09116,0.82128
1584,15.18343,0.81863
1583,15.28825,0.81564
1582,15.4091,0.81222
1581,15.54943,0.80829
1580,15.73419,0.80316
1579,15.94668,0.79733
1578,16.19232,0.79069
1577,16.47113,0.78328
1576,16.76466,0.77561
1575,17.07224,0.76771
1574,17.38712,0.75977
1573,17.7251,0.75141
1572,18.12138,0.74181
1571,18.54443,0.73179
1570,19.03891,0.72036
1569,19.58065,0.70817
1568,20.1544,0.69563
1567,20.78548,0.68224
1566,21.45274,0.66852
1565,22.14133,0.6548
1564,22.89377,0.64028
1563,23.72856,0.62473
1562,24.60804,0.60892
1561,25.54063,0.59277
1560,26.59292,0.57523
1559,27.73015,0.55705
1558,28.97196,0.53802
1557,30.33512,0.51805
1556,31.76569,0.49804
1555,33.27804,0.47784
1554,34.89465,0.45724
1553,36.61101,0.43639
1552,38.40794,0.41558
1551,40.38624,0.39377
1550,42.55052,0.3711
1549,44.69529,0.34974
1548,47.01382,0.32777
1547,49.42611,0.30604
1546,51.96506,0.28429
1545,54.50469,0.26357
1544,57.16655,0.24286
1543,59.72688,0.22383
1542,62.0678,0.20713
1541,64.41172,0.19104
1540,66.45377,0.17748
1539,68.22023,0.16609
1538,69.72422,0.15662
1537,70.757,0.15023
1536,71.34254,0.14665
1535,71.47217,0.14586
1534,71.11346,0.14805
1533,70.30634,0.15301
1532,69.05241,0.16082
1531,67.36369,0.17157
1530,65.40194,0.18441
1529,63.18511,0.19939
1528,60.79446,0.21614
1527,58.24325,0.23475
1526,55.68893,0.25423
1525,52.96681,0.276
1524,50.36026,0.29791
1523,47.94014,0.3193
1522,45.48939,0.34209
1521,43.18962,0.36462
1520,41.04445,0.38675
1519,38.93406,0.40967
1518,36.98015,0.43203
1517,35.1706,0.45382
1516,33.54956,0.47431
1515,31.98066,0.49511
1514,30.52896,0.51529
1513,29.17698,0.53496
1512,27.88055,0.5547
1511,26.73727,0.57288
1510,25.68008,0.5904
1509,24.69815,0.60734
1508,23.77762,0.62383
1507,22.95744,0.63908
1506,22.15916,0.65445
1505,21.42683,0.66904
1504,20.79152,0.68211
1503,20.19241,0.69481
1502,19.64831,0.70667
1501,19.14003,0.71806
1500,18.68211,0.72857
1499,18.26686,0.73834
1498,17.89508,0.74727
1497,17.55636,0.75557
1496,17.25558,0.76307
1495,16.99198,0.76976
1494,16.76024,0.77572
1493,16.55544,0.78106
1492,16.38139,0.78565
1491,16.2419,0.78936
1490,16.12991,0.79237
1489,16.03915,0.79482
1488,15.97527,0.79655
1487,15.95266,0.79717
1486,15.95639,0.79707
1485,15.97204,0.79664
1484,16.02616,0.79517
1483,16.10243,0.79311
1482,16.21163,0.79017
1481,16.34557,0.7866
1480,16.52593,0.78183
1479,16.7327,0.77643
1478,16.94598,0.77093
1477,17.20743,0.76428
1476,17.5103,0.75671
1475,17.84033,0.7486
1474,18.23847,0.73901
1473,18.65602,0.72918
1472,19.10904,0.71876
1471,19.61755,0.70736
1470,20.18168,0.69504
1469,20.77177,0.68253
1468,21.45744,0.66842
1467,22.22699,0.65312
1466,23.00881,0.63811
1465,23.87528,0.62205
1464,24.82072,0.60519
1463,25.85566,0.58744
1462,26.96272,0.56924
1461,28.20589,0.54966
1460,29.55414,0.52938
1459,30.94003,0.50948
1458,32.50586,0.48804
1457,34.17375,0.46631
1456,35.96554,0.44411
1455,37.96764,0.42059
1454,40.08778,0.39699
1453,42.30567,0.3736
1452,44.6706,0.34998
1451,47.24471,0.32565
1450,49.82859,0.30252
1449,52.61723,0.27887
1448,55.54544,0.25535
1447,58.36145,0.23387
1446,61.15113,0.2136
1445,63.90241,0.19448
1444,66.49998,0.17718
1443,68.78721,0.16249
1442,70.94921,0.14905
1441,72.72482,0.13832
1440,73.98925,0.13083
1439,74.86952,0.12569
1438,75.26162,0.12343
1437,75.18674,0.12386
1436,74.65028,0.12697
1435,73.64122,0.13288
1434,72.28468,0.14095
1433,70.68352,0.15068
1432,68.77511,0.16257
1431,66.71075,0.1758
1430,64.54802,0.19012
1429,62.29948,0.20552
1428,60.10991,0.22105
1427,57.95177,0.23693
1426,55.85997,0.2529
1425,53.81493,0.2691
1424,51.93756,0.28452
1423,50.0087,0.30095
1422,48.23132,0.31667
1421,46.70996,0.33059
1420,45.21527,0.34471
1419,43.88109,0.35772
1418,42.66368,0.36994
1417,41.57943,0.38112
1416,40.52575,0.39227
1415,39.58379,0.40248
1414,38.76351,0.41158
1413,37.97092,0.42055
1412,37.29249,0.42838
1411,36.70739,0.43525
1410,36.23726,0.44084
1409,35.84708,0.44555
1408,35.52637,0.44945
1407,35.28547,0.4524
1406,35.09785,0.45472
1405,34.98932,0.45606
1404,34.90192,0.45715
1403,34.88255,0.45739
1402,34.95884,0.45644
1401,35.1626,0.45392
1400,35.39698,0.45103
1399,35.63953,0.44807
1398,35.9461,0.44435
1397,36.3065,0.44002
1396,36.74617,0.43479
1395,37.19743,0.42949
1394,37.76975,0.42286
1393,38.38652,0.41582
1392,39.0539,0.40834
1391,39.77153,0.40043
1390,40.47258,0.39284
1389,41.1862,0.38525
1388,41.9189,0.37759
1387,42.7174,0.3694
1386,43.45034,0.36201
1385,44.2017,0.35456
1384,44.85961,0.34814
1383,45.39192,0.34302
1382,45.91839,0.33801
1381,46.37024,0.33376
1380,46.73399,0.33037
1379,46.89727,0.32885
1378,46.91227,0.32871
1377,46.77988,0.32994
1376,46.50927,0.33246
1375,46.0333,0.33693
1374,45.43648,0.3426
1373,44.68472,0.34984
1372,43.7462,0.35906
1371,42.67702,0.36981
1370,41.50645,0.38188
1369,40.29452,0.39475
1368,38.96693,0.4093
1367,37.5741,0.42511
1366,36.19335,0.44137
1365,34.77919,0.45868
1364,33.31598,0.47735
1363,32.00614,0.49477
1362,30.71416,0.51266
1361,29.34703,0.53244
1360,28.15568,0.55043
1359,26.92307,0.56988
1358,25.79254,0.58851
1357,24.76634,0.60614
1356,23.77911,0.6238
1355,22.86739,0.64078
1354,21.98932,0.65779
1353,21.17223,0.67423
1352,20.40421,0.69028
1351,19.71785,0.70514
1350,19.07789,0.71947
1349,18.47891,0.73332
1348,17.9228,0.74659
1347,17.42164,0.75891
1346,16.94133,0.77105
1345,16.51188,0.7822
1344,16.11314,0.79282
1343,15.75303,0.80264
1342,15.42542,0.81176
1341,15.1303,0.82015
1340,14.83712,0.82865
1339,14.58435,0.83611
1338,14.36037,0.84283
1337,14.15015,0.84924
1336,13.95676,0.85522
1335,13.77736,0.86083
1334,13.61454,0.866
1333,13.45766,0.87103
1332,13.31282,0.87573
1331,13.18133,0.88004
1330,13.05213,0.88432
1329,12.92627,0.88853
1328,12.79551,0.89294
1327,12.66321,0.89746
1326,12.53593,0.90184
1325,12.40295,0.90648
1324,12.26625,0.91129
1323,12.12598,0.91628
1322,11.97947,0.92156
1321,11.81967,0.92739
1320,11.65569,0.93346
1319,11.493,0.93957
1318,11.32249,0.94606
1317,11.15512,0.95253
1316,10.98213,0.95931
1315,10.80355,0.96643
1314,10.62677,0.9736
1313,10.4523,0.98079
1312,10.28643,0.98774
1311,10.12094,0.99478
1310,9.967,1.00144
1309,9.82489,1.00767
1308,9.68539,1.01388
1307,9.56734,1.01921
1306,9.46109,1.02406
1305,9.36712,1.02839
1304,9.28935,1.03201
1303,9.22741,1.03492
1302,9.1819,1.03707
1301,9.15721,1.03824
1300,9.15623,1.03828
1299,9.16942,1.03766
1298,9.20408,1.03602
1297,9.26212,1.03329
1296,9.33658,1.02981
1295,9.44027,1.02502
1294,9.56347,1.01938
1293,9.69642,1.01339
1292,9.8612,1.00607
1291,10.03926,0.9983
1290,10.2335,0.98998
1289,10.44978,0.98089
1288,10.67858,0.97149
1287,10.90197,0.96249
1286,11.13308,0.95338
1285,11.36348,0.94449
1284,11.57639,0.93643
1283,11.77874,0.9289
1282,11.96104,0.92223
1281,12.10254,0.91712
1280,12.21453,0.91312
1279,12.28415,0.91065
1278,12.31141,0.90969
1277,12.29119,0.91041
1276,12.2262,0.91271
1275,12.11536,0.91666
1274,11.97978,0.92155
1273,11.80577,0.92791
1272,11.61824,0.93486
1271,11.4227,0.94223
1270,11.21102,0.95035
1269,11.00512,0.95841
1268,10.81974,0.96578
1267,10.65396,0.97249
1266,10.51511,0.97819
1265,10.416,0.9823
1264,10.35834,0.98471
1263,10.35533,0.98484
1262,10.42093,0.98209
1261,10.55503,0.97654
1260,10.78894,0.96702
1259,11.15034,0.95271
1258,11.64318,0.93393
1257,12.37624,0.90741
1256,13.37439,0.87373
1255,14.67132,0.83353
1254,16.57507,0.78054
1253,19.22608,0.71611
1252,22.98704,0.63852
1251,28.43503,0.54615
1250,35.53917,0.44929
1249,42.73427,0.36922
1248,46.27427,0.33466
1247,42.72272,0.36934
1246,33.16366,0.47934
1245,22.50142,0.64779
1244,14.09656,0.85089
1243,8.83751,1.05367
1242,5.66109,1.2471
1241,3.7215,1.42928
1240,2.51907,1.59876
1239,1.77355,1.75116
1238,1.25779,1.90039
1237,0.92094,2.03577
1236,0.69289,2.15933
1235,0.52639,2.27869
1234,0.40971,2.38752
1233,0.32031,2.49443
1232,0.25318,2.59657
1231,0.20133,2.6961
1230,0.16429,2.7844
1229,0.13825,2.85933
1228,0.11545,2.93762
1227,0.09673,3.01443
1226,0.08313,3.08024
1225,0.07075,3.15025
1224,0.06021,3.2203
1223,0.05282,3.27724
1222,0.04815,3.31742
1221,0.04518,3.34506
1220,0.03723,3.42914
1219,0.03888,3.41022
1218,0.03507,3.45501
1217,0.03251,3.48797
1216,0.03055,3.51506
1215,0.02743,3.56179
1214,0.02342,3.63041
1213,0.02783,3.55551
1212,0.02203,3.65695
1211,0.02227,3.65223
1210,0.02133,3.67094
1209,0.0217,3.66361
1208,0.01774,3.75098
1207,0.01933,3.71387
1206,0.02028,3.693
1205,0.02083,3.68123
1204,0.01968,3.70587
1203,0.01994,3.70027
1202,0.01633,3.78707
1201,0.01645,3.78374
1200,0.01942,3.71175
1199,0.02367,3.62575
1198,0.01789,3.74749
1197,0.01694,3.77102
1196,0.02082,3.68148
1195,0.01985,3.70234
1194,0.01735,3.7607
1193,0.01659,3.78024
1192,0.01758,3.75504
1191,0.01678,3.77532
1190,0.01635,3.78656
1189,0.01577,3.80226
1188,0.01615,3.79182
1187,0.01663,3.77898
1186,0.01418,3.84825
1185,0.01554,3.80846
1184,0.01491,3.82661
1183,0.01793,3.74631
1182,0.0164,3.78505
1181,0.01569,3.80434
1180,0.01704,3.76847
1179,0.0137,3.86328
1178,0.01462,3.8351
1177,0.015,3.82395
1176,0.01455,3.83709
1175,0.01552,3.809
1174,0.01418,3.84846
1173,0.01453,3.83768
1172,0.01648,3.78306
1171,0.01364,3.86528
1170,0.0156,3.80694
1169,0.01486,3.82801
1168,0.01607,3.7941
1167,0.01707,3.76772
1166,0.0128,3.89265
1165,0.01598,3.79655
1164,0.01442,3.84101
1163,0.01644,3.78418
1162,0.01462,3.83514
1161,0.01469,3.83312
1160,0.01266,3.89768
1159,0.01391,3.85652
1158,0.01579,3.8015
1157,0.01337,3.87378
1156,0.01509,3.82138
1155,0.01594,3.79741
1154,0.01486,3.82809
1153,0.01471,3.83238
1152,0.01427,3.84548
1151,0.01558,3.80753
1150,0.01467,3.83369
1149,0.01491,3.82653
1148,0.01441,3.84134
1147,0.01444,3.84031
1146,0.01761,3.75416
1145,0.01214,3.91582
1144,0.01462,3.83504
1143,0.01521,3.81798
1142,0.01648,3.78296
1141,0.01427,3.84556
1140,0.01688,3.77257
1139,0.01561,3.80665
1138,0.01539,3.81288
1137,0.01272,3.89559
1136,0.01589,3.79875
1135,0.01435,3.84311
1134,0.01626,3.7889
1133,0.01634,3.78672
1132,0.01386,3.85817
1131,0.01547,3.81048
1130,0.01728,3.76251
1129,0.01555,3.80823
1128,0.01501,3.82361
1127,0.01206,3.91859
1126,0.01606,3.79433
1125,0.01606,3.79438
1124,0.01553,3.80887
1123,0.01489,3.82699
1122,0.01584,3.80013
1121,0.0161,3.79321
1120,0.01498,3.82453
1119,0.01666,3.77837
1118,0.01739,3.75959
1117,0.01485,3.82819
1116,0.01599,3.79623
1115,0.01437,3.84245
1114,0.01423,3.84668
1113,0.01483,3.82891
1112,0.0136,3.86645
1111,0.01399,3.85429
1110,0.01616,3.79164
1109,0.01327,3.8772
1108,0.0133,3.87612
1107,0.016,3.79582
1106,0.01667,3.77812
1105,0.01606,3.79415
1104,0.01614,3.79216
1103,0.01466,3.83377
1102,0.01641,3.78493
1101,0.0158,3.80139
1100,0.01477,3.83054
1099,0.01595,3.79722
1098,0.01421,3.84731
1097,0.01571,3.80385
1096,0.01348,3.87023
1095,0.01395,3.85552
1094,0.01491,3.82661
1093,0.0159,3.7986
1092,0.01501,3.82368
1091,0.01741,3.75913
1090,0.0148,3.82959
1089,0.0156,3.80681
1088,0.01576,3.80253
1087,0.0127,3.89612
1086,0.01669,3.77742
1085,0.01359,3.86675
1084,0.01443,3.84085
1083,0.01612,3.79269
1082,0.01315,3.88123
1081,0.01654,3.78144
1080,0.01576,3.80237
1079,0.01685,3.77338
1078,0.01478,3.83039
1077,0.01636,3.78611
1076,0.01427,3.84546
1075,0.01485,3.82837
1074,0.0127,3.89617
1073,0.01679,3.77506
1072,0.01588,3.79907
1071,0.01315,3.88123
1070,0.01411,3.8504
1069,0.01516,3.81916
1068,0.01335,3.8744
1067,0.0131,3.88258
1066,0.01458,3.83634
1065,0.01404,3.85266
1064,0.01336,3.87428
1063,0.01603,3.79507
1062,0.01498,3.82435
1061,0.01688,3.77268
1060,0.01577,3.80208
1059,0.01615,3.79173
1058,0.01412,3.85019
1057,0.01264,3.89834
1056,0.01482,3.82902
1055,0.01631,3.7875
1054,0.01454,3.83731
1053,0.01744,3.75855
1052,0.01347,3.87063
1051,0.01503,3.823
1050,0.01592,3.79806
1049,0.01543,3.81157
1048,0.01511,3.82077
1047,0.01582,3.80083
1046,0.01507,3.82187
1045,0.01341,3.87272
1044,0.01311,3.88245
1043,0.01554,3.80848
1042,0.01445,3.84021
1041,0.01496,3.82511
1040,0.01439,3.84199
1039,0.01331,3.87592
1038,0.01267,3.89731
1037,0.01375,3.86157
1036,0.01462,3.835
1035,0.01706,3.76797
1034,0.01403,3.85293
1033,0.01584,3.80031
1032,0.01444,3.84038
1031,0.01594,3.79761
1030,0.01276,3.89398
1029,0.01532,3.81483
1028,0.01406,3.852
1027,0.01366,3.8644
1026,0.01345,3.87136
1025,0.01451,3.83826
1024,0.01455,3.8372
1023,0.01697,3.77026
1022,0.01591,3.79831
1021,0.01508,3.8215
1020,0.01629,3.78803
1019,0.01319,3.87989
1018,0.01728,3.76245
1017,0.01605,3.79466
1016,0.0145,3.83859
1015,0.01509,3.82134
1014,0.01546,3.81076
1013,0.01224,3.9122
1012,0.01626,3.78898
1011,0.01593,3.79782
1010,0.0147,3.83258
1009,0.0144,3.84154
1008,0.01474,3.83136
1007,0.01573,3.80321
1006,0.01508,3.82172
1005,0.01634,3.78674
1004,0.01516,3.81935
1003,0.0146,3.83564
1002,0.0144,3.84165
1001,0.0141,3.85072
1000,0.01442,3.84093
999,0.01347,3.87073
998,0.01533,3.8144
997,0.01816,3.741
996,0.0138,3.86027
995,0.01231,3.9097
994,0.01372,3.86278
993,0.01379,3.86045
992,0.01434,3.84355
991,0.01642,3.78461
990,0.0159,3.79852
989,0.01452,3.83817
988,0.01465,3.83418
987,0.01663,3.77909
986,0.01619,3.79067
985,0.01483,3.82897
984,0.01433,3.84363
983,0.01527,3.81621
982,0.01589,3.79887
981,0.01511,3.8207
980,0.01475,3.8313
979,0.01373,3.86242
978,0.01518,3.81869
977,0.01388,3.85755
976,0.01632,3.78725
975,0.01383,3.85905
974,0.01425,3.84609
973,0.01339,3.8731
972,0.01353,3.86857
971,0.01482,3.82904
970,0.01455,3.83707
969,0.01461,3.83534
968,0.01422,3.84718
967,0.01666,3.77828
966,0.01576,3.80233
965,0.01671,3.77696
964,0.0147,3.83273
963,0.01174,3.93042
962,0.01321,3.8791
961,0.01509,3.82143
960,0.01615,3.79194
959,0.01191,3.92391
958,0.01412,3.85018
957,0.01659,3.78014
956,0.01473,3.83191
955,0.01504,3.82279
954,0.01377,3.86108
953,0.01345,3.87139
952,0.01391,3.85677
951,0.01537,3.81319
950,0.01751,3.75661
949,0.0162,3.79044
948,0.0149,3.82686
947,0.01496,3.8251
946,0.01316,3.88074
945,0.01253,3.90196
944,0.01632,3.78715
943,0.01412,3.85008
942,0.01375,3.86176
941,0.01563,3.80618
940,0.01544,3.81146
939,0.01728,3.76244
938,0.01255,3.90124
937,0.01382,3.85962
936,0.01477,3.83066
935,0.01387,3.85791
934,0.01382,3.85945
933,0.01368,3.86391
932,0.01618,3.7909
931,0.01582,3.80086
930,0.01585,3.79989
929,0.01265,3.89776
928,0.01489,3.82699
927,0.0164,3.7851
926,0.01416,3.84902
925,0.01368,3.86406
924,0.01417,3.84861
923,0.01619,3.79067
922,0.0177,3.75206
921,0.0139,3.85698
920,0.01614,3.7921
919,0.01634,3.78674
918,0.01279,3.89328
917,0.01342,3.87234
916,0.0134,3.87299
915,0.01653,3.7817
914,0.01346,3.87094
913,0.01505,3.82255
912,0.0143,3.84471
911,0.01584,3.80023
910,0.01398,3.85449
909,0.01522,3.81761
908,0.01402,3.85331
907,0.01624,3.78932
906,0.01517,3.81898
905,0.01356,3.86772
904,0.0141,3.85065
903,0.01635,3.78655
902,0.0141,3.85079
901,0.01762,3.75401
900,0.01348,3.87016
899,0.01656,3.78085
898,0.01408,3.85128
897,0.0154,3.81243
896,0.01648,3.78313
895,0.01577,3.80209
894,0.01544,3.8114
893,0.01665,3.77856
892,0.01406,3.8521
891,0.01432,3.8441
890,0.01785,3.74827
889,0.01276,3.89413
888,0.01623,3.78967
887,0.01465,3.83424
886,0.01713,3.76616
885,0.01679,3.77498
884,0.01646,3.78365
883,0.01795,3.74583
882,0.01899,3.72139
881,0.0189,3.72358
880,0.02097,3.6785
879,0.02049,3.68855
878,0.02099,3.67793
877,0.02217,3.65424
876,0.02341,3.63053
875,0.02537,3.59562
874,0.02886,3.53971
873,0.03336,3.47673
872,0.04137,3.38328
871,0.04835,3.3156
870,0.06223,3.20601
869,0.08479,3.07167
868,0.11236,2.94937
867,0.16441,2.78407
866,0.24446,2.61179
865,0.39078,2.40807
864,0.65641,2.18283
863,1.21821,1.91428
862,2.39607,1.6205
861,4.66336,1.3313
860,8.69973,1.06049
859,14.71515,0.83224
858,22.62912,0.64533
857,31.85312,0.49685
856,41.97504,0.37701
855,51.17546,0.29094
854,58.27634,0.23451
853,64.02815,0.19363
852,67.7871,0.16885
851,70.64726,0.1509
850,69.29237,0.15931
849,66.71535,0.17577
848,62.15013,0.20656
847,55.56601,0.25519
846,46.98786,0.32801
845,37.70693,0.42358
844,28.16544,0.55028
843,19.67631,0.70606
842,12.9411,0.88803
841,7.70807,1.11305
840,4.18869,1.37792
839,2.12048,1.67357
838,1.09139,1.96202
837,0.57779,2.23823
836,0.33658,2.47292
835,0.21259,2.67246
834,0.14044,2.85252
833,0.09883,3.00511
832,0.07089,3.1494
831,0.05401,3.26753
830,0.04358,3.36074
829,0.03608,3.44273
828,0.03094,3.50955
827,0.02515,3.59948
826,0.02493,3.6032
825,0.02283,3.64147
824,0.02076,3.68285
823,0.01981,3.70311
822,0.01973,3.70496
821,0.01859,3.73083
820,0.01828,3.73793
819,0.01718,3.76494
818,0.01695,3.77082
817,0.01593,3.79768
816,0.01498,3.82443
815,0.01654,3.78149
814,0.01592,3.79813
813,0.01719,3.76472
812,0.01439,3.842
811,0.01566,3.80515
810,0.01725,3.76322
809,0.01763,3.75373
808,0.01406,3.85203
807,0.01495,3.82531
806,0.01428,3.84539
805,0.01482,3.82901
804,0.01604,3.79485
803,0.01748,3.75745
802,0.01575,3.80277
801,0.01151,3.93881
800,0.01024,3.98978
799,1.61E-04,5.79278
798,3.61E-04,5.44204
797,1.65E-05,6.78316
796,1.17E-04,5.93044
795,4.26E-04,5.3707
794,5.15E-05,6.2882
793,1.29E-04,5.88875
792,1.04E-04,5.98249
791,4.47E-05,6.3496
790,2.92E-04,5.5347
789,8.77E-05,6.05684
788,5.91E-05,6.22833
787,8.22E-05,6.08491
786,7.86E-05,6.10466
785,2.83E-04,5.54807
784,1.61E-04,5.79316
783,5.33E-05,6.27299
782,8.35E-06,7.07857
781,8.51E-05,6.07005
780,3.99E-04,5.39951
779,8.85E-05,6.05298
778,1.52E-04,5.81812
777,4.99E-05,6.30193
776,4.69E-05,6.32901
775,2.37E-04,5.62497
774,1.41E-04,5.85127
773,1.86E-04,5.72941
772,7.77E-05,6.10942
771,1.26E-04,5.90088
770,5.75E-05,6.24021
769,1.89E-04,5.72293
768,2.33E-04,5.63214
767,1.07E-04,5.97016
766,1.64E-04,5.78466
765,4.97E-06,7.30367
764,5.99E-05,6.22241
763,1.28E-04,5.89411
762,8.46E-05,6.07259
761,1.33E-04,5.87487
760,1.40E-04,5.85534
759,1.05E-04,5.97723
758,3.19E-05,6.49553
757,2.39E-05,6.6212
756,2.22E-04,5.65276
755,1.65E-04,5.78344
754,1.09E-04,5.96419
753,5.92E-05,6.22787
752,1.01E-04,5.99593
751,4.50E-06,7.34663
750,2.74E-04,5.56182
749,4.62E-05,6.33558
748,3.04E-04,5.51654
747,1.88E-04,5.72618
746,2.76E-04,5.55856
745,1.69E-05,6.77332
744,9.16E-05,6.03822
743,1.66E-04,5.78072
742,7.34E-05,6.1343
741,5.88E-05,6.23063
740,2.08E-04,5.68201
739,1.28E-04,5.89301
738,6.10E-05,6.21464
737,1.72E-04,5.76439
736,2.47E-04,5.60796
735,5.21E-05,6.28303
734,2.30E-04,5.63766
733,1.09E-04,5.96106
732,2.92E-05,6.53407
731,8.22E-05,6.08531
730,1.55E-04,5.81035
729,7.35E-05,6.13381
728,7.67E-06,7.11536
727,3.16E-04,5.50096
726,1.40E-04,5.85313
725,1.42E-05,6.84837
724,1.12E-04,5.95138
723,1.01E-04,5.99406
722,3.37E-05,6.47178
721,2.11E-05,6.67595
720,1.61E-04,5.79221
719,5.95E-05,6.22582
718,1.05E-04,5.97944
717,6.27E-05,6.20288
716,1.80E-05,6.74432
715,1.57E-04,5.80463
714,1.72E-04,5.76358
713,1.10E-04,5.95819
712,1.35E-04,5.86817
711,1.32E-04,5.87884
710,2.09E-05,6.6791
709,7.19E-06,7.1432
708,3.34E-05,6.47661
707,6.07E-05,6.21707
706,5.46E-06,7.26283
705,2.47E-04,5.60648
704,3.64E-06,7.43862
703,7.73E-05,6.11166
702,3.87E-05,6.41279
701,1.33E-04,5.87456
700,1.35E-04,5.87032
699,1.29E-04,5.88944
698,9.19E-05,6.03682
697,4.33E-05,6.364
696,2.47E-04,5.60809
695,1.29E-04,5.88965
694,8.34E-05,6.07877
693,1.07E-05,6.96892
692,7.43E-05,6.12916
691,1.76E-04,5.75443
690,8.57E-05,6.06717
689,2.07E-04,5.68484
688,8.81E-05,6.05497
687,1.17E-04,5.93324
686,2.24E-05,6.65045
685,1.50E-04,5.82316
684,8.27E-06,7.08248
683,2.49E-05,6.60331
682,1.14E-04,5.94221
681,2.04E-04,5.69066
680,9.20E-05,6.03626
679,9.01E-05,6.04549
678,1.76E-04,5.75447
677,5.83E-05,6.23442
676,5.98E-05,6.22362
675,5.59E-06,7.25275
674,7.05E-05,6.15172
673,7.32E-05,6.13556
672,4.11E-05,6.38581
671,5.70E-05,6.24426
670,2.86E-04,5.54383
669,4.00E-06,7.39815
668,2.04E-05,6.69017
667,1.95E-04,5.71099
666,1.59E-04,5.79762
665,6.58E-05,6.18154
664,1.64E-04,5.78484
663,2.14E-04,5.67021
662,6.65E-05,6.17747
661,1.89E-04,5.72309
660,2.52E-04,5.59902
659,3.19E-05,6.49619
658,2.65E-05,6.57719
657,1.64E-04,5.78491
656,1.12E-04,5.95016
655,1.16E-04,5.93661
654,2.00E-04,5.69972
653,1.55E-04,5.8092
652,1.55E-04,5.80878
651,1.18E-05,6.92823
650,1.33E-04,5.87531
649,3.08E-04,5.51145
648,5.21E-05,6.28355
647,1.43E-04,5.84463
646,9.63E-05,6.01637
645,2.95E-04,5.52996
644,3.37E-04,5.47291
643,1.01E-04,5.99477
642,7.99E-05,6.09743
641,4.99E-05,6.30152
640,1.67E-04,5.77831
639,1.32E-05,6.87855
638,1.17E-05,6.93249
637,1.65E-04,5.78122
636,1.43E-04,5.84439
635,1.28E-04,5.89444
634,1.76E-05,6.75492
633,5.89E-05,6.23
632,2.02E-05,6.69373
631,1.71E-04,5.76769
630,2.83E-04,5.54853
629,1.30E-04,5.88459
628,5.58E-04,5.25349
627,7.41E-04,5.12993
626,0.00166,4.78073
625,0.0029,4.53704
624,0.00512,4.29059
623,0.00925,4.03381
622,0.01615,3.7919
621,0.02543,3.59468
620,0.03264,3.48626
619,0.03184,3.497
618,0.02408,3.61826
617,0.016,3.79595
616,0.01056,3.9765
615,0.00725,4.13988
614,0.00572,4.24254
613,0.00483,4.31628
612,0.00419,4.37821
611,0.0044,4.3566
610,0.00489,4.31031
609,0.00626,4.20317
608,0.00882,4.05469
607,0.01273,3.89517
606,0.01599,3.79618
605,0.01539,3.81283
604,0.01117,3.95209
603,0.00673,4.17212
602,0.00413,4.38371
601,0.00254,4.59562
600,0.00179,4.74826
599,0.00154,4.81268
598,0.00127,4.8979
597,0.0011,4.95982
596,0.00146,4.83683
595,0.00155,4.80907
594,0.00204,4.69132
593,0.0029,4.53831
592,0.00386,4.41294
591,0.00525,4.27968
590,0.00648,4.18849
589,0.0069,4.16139
588,0.00654,4.18422
587,0.0063,4.20055
586,0.00516,4.2876
585,0.00465,4.33212
584,0.00405,4.39216
583,0.00367,4.43484
582,0.00292,4.53508
581,0.00276,4.55909
580,0.00213,4.67182
579,0.00157,4.80354
578,0.00163,4.78853
577,0.00108,4.96619
576,8.95E-04,5.04802
575,9.39E-04,5.02712
574,8.88E-04,5.05164
573,0.00121,4.91677
572,0.00116,4.93657
571,0.00154,4.81119
570,0.00155,4.81068
569,0.00115,4.93915
568,9.69E-04,5.01381
567,3.17E-04,5.49918
566,3.66E-04,5.43638
565,1.32E-04,5.8802
564,1.11E-04,5.95369
563,1.11E-04,5.95389
562,9.01E-05,6.0451
561,3.82E-05,6.41747
560,1.42E-05,6.84654
559,3.45E-05,6.46234
558,3.24E-05,6.4897
557,8.76E-05,6.05769
556,9.07E-05,6.04249
555,1.58E-04,5.80159
554,1.49E-04,5.82543
553,7.95E-06,7.09984
552,2.80E-04,5.55356
551,7.76E-05,6.1104
550,2.46E-05,6.60844
549,4.78E-05,6.32083
548,8.94E-05,6.04876
547,1.02E-04,5.98966
546,6.20E-05,6.2073
545,5.62E-05,6.25019
544,7.20E-05,6.14253
543,1.19E-04,5.92345
542,1.95E-05,6.71075
541,1.16E-04,5.93638
540,2.16E-04,5.66544
539,2.47E-05,6.60747
538,4.29E-05,6.36705
537,3.53E-05,6.45276
536,4.27E-05,6.36958
535,4.08E-05,6.38946
534,3.30E-05,6.48125
533,4.40E-05,6.35655
532,8.83E-05,6.05424
531,1.06E-04,5.97302
530,1.37E-05,6.86369
529,3.86E-05,6.41332
528,1.17E-04,5.93177
527,8.92E-05,6.04985
526,1.42E-04,5.8466
525,1.29E-04,5.88985
524,5.88E-05,6.23086
523,1.81E-04,5.74134
522,2.53E-05,6.5968
521,1.82E-04,5.74108
520,1.19E-04,5.92561
519,1.80E-04,5.74458
518,1.51E-04,5.81995
517,4.00E-04,5.39794
516,4.32E-05,6.36411
515,2.38E-04,5.62289
514,1.24E-04,5.90485
513,1.77E-05,6.75186
512,1.58E-05,6.80228
511,1.63E-05,6.78838
510,2.00E-04,5.69949
509,8.21E-05,6.0858
508,1.10E-04,5.95674
507,7.96E-06,7.09894
506,2.34E-04,5.63105
505,3.96E-04,5.40267
504,7.46E-04,5.12725
503,7.65E-04,5.11647
502,0.00121,4.91552
501,0.00174,4.75853
500,0.00196,4.70737
499,0.00175,4.7581
498,0.00167,4.7783
497,0.00127,4.89763
496,0.00123,4.91014
495,0.0014,4.85238
494,0.00131,4.88387
493,0.00189,4.7225
492,0.00241,4.6187
491,0.00345,4.46158
490,0.00437,4.35965
489,0.00488,4.31123
488,0.00479,4.31971
487,0.0043,4.36617
486,0.00349,4.45759
485,0.00304,4.51749
484,0.00264,4.57887
483,0.00261,4.58264
482,0.00266,4.57563
481,0.00287,4.5425
480,0.00322,4.49153
479,0.00348,4.45865
478,0.00367,4.43498
477,0.00355,4.44999
476,0.00358,4.44613
475,0.0034,4.46793
474,0.00389,4.41035
473,0.00384,4.41531
472,0.00391,4.40755
471,0.00395,4.40383
470,0.00395,4.40302
469,0.00375,4.42597
468,0.00354,4.45109
467,0.00346,4.46101
466,0.00299,4.52383
465,0.00298,4.52508
464,0.00266,4.57537
463,0.00224,4.64937
462,0.00195,4.70974
461,0.00175,4.75712
460,0.00147,4.8341
459,0.00134,4.87173
458,0.00102,4.99236
457,8.46E-04,5.0726
456,9.21E-04,5.03558
455,5.94E-04,5.2259
454,4.24E-04,5.37261
453,2.17E-04,5.66383
452,2.40E-04,5.61928
451,2.48E-04,5.60529
450,7.13E-05,6.14682
449,1.20E-04,5.91904
448,1.92E-05,6.71686
447,7.56E-05,6.12132
446,2.33E-04,5.63224
445,1.15E-04,5.94003
444,1.93E-04,5.71539
443,1.41E-04,5.8517
442,2.78E-04,5.55598
441,1.78E-04,5.74859
440,4.02E-05,6.39549
439,2.84E-04,5.54727
438,2.45E-06,7.6116
437,1.23E-04,5.91008
436,2.60E-04,5.58433
435,3.48E-05,6.45835
434,2.26E-04,5.64553
433,2.89E-04,5.53967
432,9.84E-06,7.00681
431,3.06E-04,5.51461
430,1.97E-04,5.70619
429,1.90E-04,5.72163
428,1.76E-04,5.75492
427,3.21E-05,6.49322
426,1.84E-04,5.73611
425,4.19E-05,6.3775
424,2.62E-04,5.5823
423,1.45E-04,5.83887
422,4.46E-06,7.35034
421,1.08E-04,5.96574
420,2.78E-04,5.55633
419,1.45E-04,5.83735
418,2.96E-04,5.52906
417,9.82E-05,6.00806
416,2.32E-05,6.6343
415,2.40E-04,5.61964
414,4.42E-05,6.35435
413,1.57E-04,5.80351
412,3.22E-04,5.49166
411,1.54E-04,5.81151
410,4.39E-04,5.35727
409,1.79E-04,5.74815
408,6.35E-05,6.19696
407,4.81E-05,6.31782
406,5.31E-04,5.27501
405,2.53E-04,5.59716
404,8.03E-06,7.09531
403,3.05E-04,5.51565
402,2.27E-06,7.64361
401,4.70E-05,6.32756
400,7.96E-05,6.09924
399,3.67E-04,5.4352
398,1.31E-05,6.88159
397,5.99E-05,6.22241
396,1.75E-04,5.7564
395,5.13E-05,6.28979
394,2.39E-04,5.62195
393,2.71E-05,6.56674
392,4.19E-05,6.37799
391,2.48E-04,5.60627
390,8.90E-05,6.05075
389,2.33E-04,5.63346
388,9.54E-06,7.02041
387,3.83E-04,5.41703
386,1.28E-04,5.89116
385,4.38E-05,6.3589
384,8.28E-05,6.08175
383,9.03E-05,6.0445
382,5.44E-05,6.26449
381,1.69E-04,5.77289
380,4.71E-05,6.32688
379,1.37E-04,5.86259
378,1.04E-05,6.98296
377,3.63E-04,5.43983
376,2.59E-04,5.58621
375,2.29E-05,6.64026
374,8.65E-05,6.06291
373,1.12E-04,5.95057
372,2.63E-04,5.57968
371,2.89E-05,6.53924
370,2.30E-04,5.63826
369,1.36E-04,5.86785
368,3.30E-04,5.48133
367,1.41E-04,5.85217
366,4.09E-05,6.38811
365,2.10E-04,5.677
364,7.41E-05,6.13037
363,1.37E-04,5.86226
362,2.31E-04,5.63566
361,1.22E-04,5.91324
360,5.29E-06,7.27627
359,1.70E-04,5.76839
358,7.56E-05,6.1217
357,8.16E-05,6.08837
356,2.72E-04,5.56612
355,2.66E-04,5.57458
354,4.50E-04,5.34662
353,3.09E-05,6.51046
352,4.56E-04,5.34108
351,1.56E-04,5.80565
350,1.18E-04,5.92641
349,8.48E-04,5.07176
348,1.06E-04,5.97669
347,3.18E-05,6.49748
346,1.07E-04,5.97165
345,1.40E-06,7.85277
344,8.41E-05,6.07521
343,4.10E-05,6.38774
342,1.77E-05,6.75324
341,1.66E-04,5.7812
340,4.20E-05,6.37684
339,7.08E-05,6.14972
338,4.07E-05,6.39062
337,4.76E-05,6.32261
336,7.60E-05,6.11901
335,2.66E-04,5.57507
334,3.98E-05,6.40062
333,1.10E-04,5.95937
332,1.65E-04,5.7821
331,4.10E-05,6.38771
330,6.65E-05,6.17707
329,2.14E-05,6.66973
328,1.94E-04,5.71281
327,1.55E-05,6.80954
326,2.67E-05,6.57394
325,2.01E-04,5.69717
324,3.13E-04,5.50485
323,8.49E-05,6.07099
322,3.78E-05,6.42198
321,1.03E-05,6.98665
320,1.30E-04,5.8844
319,1.68E-04,5.77522
318,5.60E-05,6.2519
317,4.76E-05,6.32255
316,1.39E-04,5.85567
315,7.83E-05,6.10645
314,2.07E-04,5.68321
313,3.74E-05,6.42658
312,8.04E-06,7.09469
311,1.66E-04,5.77888
310,3.09E-05,6.51037
309,1.60E-04,5.79537
308,2.22E-04,5.65338
307,6.63E-05,6.17856
306,1.15E-04,5.94064
305,8.68E-05,6.06138
304,2.39E-04,5.62079
303,4.17E-05,6.38026
302,5.31E-05,6.27494
301,2.49E-04,5.60304
300,5.81E-05,6.23596
299,1.12E-04,5.94968
298,1.75E-05,6.75806
297,4.04E-05,6.39328
296,7.00E-05,6.15469
295,1.41E-04,5.85086
294,2.23E-04,5.65228
293,5.39E-05,6.26818
292,1.88E-05,6.72678
291,5.38E-05,6.26936
290,5.26E-05,6.27865
289,7.26E-05,6.1389
288,1.25E-04,5.90313
287,1.20E-04,5.92216
286,1.28E-04,5.89335
285,1.56E-05,6.80578
284,7.69E-05,6.11406
283,5.92E-05,6.22732
282,8.81E-05,6.05493
281,3.77E-06,7.42339
280,1.17E-04,5.93344
279,5.67E-05,6.24641
278,3.75E-05,6.4255
277,1.32E-04,5.88031
276,1.32E-04,5.87779
275,2.48E-04,5.60608
274,2.09E-04,5.67987
273,1.96E-04,5.70755
272,1.75E-05,6.75624
271,1.66E-04,5.77945
270,8.65E-06,7.06311
269,2.22E-05,6.65335
268,1.44E-04,5.84155
267,1.35E-04,5.87042
266,6.86E-06,7.16354
265,8.41E-05,6.07506
264,2.77E-05,6.55678
263,2.27E-04,5.64429
262,2.51E-05,6.60014
261,1.50E-04,5.82315
260,9.55E-05,6.02004
259,1.94E-04,5.71304
258,3.17E-05,6.49876
257,1.21E-04,5.91655
256,6.29E-05,6.20155
255,2.57E-04,5.58949
254,5.81E-05,6.23574
253,2.10E-04,5.67832
252,4.72E-07,8.32652
251,1.51E-05,6.82196
250,1.25E-04,5.90319
249,8.96E-05,6.04789
248,5.14E-05,6.28874
247,1.22E-05,6.91298
246,1.46E-04,5.83434
245,4.55E-05,6.34244
244,1.48E-04,5.82917
243,1.64E-04,5.78501
242,4.22E-05,6.3745
241,7.60E-05,6.1191
240,1.37E-04,5.86318
239,1.50E-04,5.82321
238,9.96E-05,6.00162
237,1.18E-04,5.92738
236,3.25E-05,6.48857
235,3.16E-04,5.50051
234,2.85E-06,7.54525
233,2.18E-04,5.66234
232,5.12E-05,6.29062
231,2.01E-04,5.69656
230,2.21E-04,5.65591
229,9.93E-05,6.00288
228,2.01E-04,5.69701
227,4.25E-05,6.37127
226,1.17E-04,5.93243
225,2.61E-04,5.58308
224,4.31E-05,6.3655
223,2.59E-04,5.58601
222,1.30E-04,5.88595
221,2.40E-04,5.6194
220,1.31E-04,5.88338
219,2.67E-04,5.57348
218,2.47E-04,5.60782
217,1.22E-04,5.9138
216,4.07E-04,5.39077
215,1.76E-04,5.75332
214,3.51E-04,5.45453
213,9.24E-05,6.03427
212,3.66E-04,5.43599
211,1.90E-04,5.72017
210,3.48E-04,5.4582
209,2.28E-04,5.64172
208,4.48E-04,5.34885
207,3.27E-04,5.48601
206,3.54E-04,5.45063
205,2.23E-04,5.65242
204,2.79E-04,5.55509
203,5.46E-04,5.26259
202,2.14E-04,5.66865
201,2.18E-04,5.66084
200,6.52E-04,5.18575
